insert into Users (id, name, email, password, createdAt, type) values (1, 'Neddie', 'niliffe0@ucoz.ru', '$2a$10$iHIA5z.qawY//kQ3ohJHCekvrP6J7HG5Dks/RkO3F0XQ08q/zeEA2', '2021-01-25 02:05:23', 'MANAGER');
insert into Users (id, name, email, password, createdAt, type) values (2, 'Cathy', 'cstruther1@topsy.com', '$2a$10$iHIA5z.qawY//kQ3ohJHCekvrP6J7HG5Dks/RkO3F0XQ08q/zeEA2', '2020-09-21 18:47:17', 'TENNIS_USER');
insert into Users (id, name, email, password, createdAt, type) values (3, 'Cookie', 'cmorson2@icio.us', '$2a$10$iHIA5z.qawY//kQ3ohJHCekvrP6J7HG5Dks/RkO3F0XQ08q/zeEA2', '2021-05-05 02:02:40', 'MANAGER');
insert into Users (id, name, email, password, createdAt, type) values (4, 'Selene', 'ssmith3@myspace.com', '$2a$10$iHIA5z.qawY//kQ3ohJHCekvrP6J7HG5Dks/RkO3F0XQ08q/zeEA2', '2021-03-21 16:46:21', 'TENNIS_USER');
insert into Users (id, name, email, password, createdAt, type) values (5, 'Clara', 'cbracey4@amazon.co.jp', '$2a$10$iHIA5z.qawY//kQ3ohJHCekvrP6J7HG5Dks/RkO3F0XQ08q/zeEA2', '2021-04-19 01:42:38', 'MANAGER');
insert into Users (id, name, email, password, createdAt, type) values (6, 'Nolie', 'ncrowdace5@wordpress.com', '$2a$10$iHIA5z.qawY//kQ3ohJHCekvrP6J7HG5Dks/RkO3F0XQ08q/zeEA2', '2021-02-02 14:08:15', 'TENNIS_USER');
insert into Users (id, name, email, password, createdAt, type) values (7, 'Ysabel', 'ybostock6@delicious.com', '$2a$10$iHIA5z.qawY//kQ3ohJHCekvrP6J7HG5Dks/RkO3F0XQ08q/zeEA2', '2021-04-28 08:22:54', 'MANAGER');
insert into Users (id, name, email, password, createdAt, type) values (8, 'Maren', 'mlarwood7@wikia.com', '$2a$10$iHIA5z.qawY//kQ3ohJHCekvrP6J7HG5Dks/RkO3F0XQ08q/zeEA2', '2020-10-24 08:35:57', 'TENNIS_USER');
insert into Users (id, name, email, password, createdAt, type) values (9, 'Nero', 'nkeyser8@google.co.uk', '$2a$10$iHIA5z.qawY//kQ3ohJHCekvrP6J7HG5Dks/RkO3F0XQ08q/zeEA2', '2020-07-05 16:10:24', 'MANAGER');
insert into Users (id, name, email, password, createdAt, type) values (10, 'Holly-anne', 'htabbernor9@amazon.com', '$2a$10$iHIA5z.qawY//kQ3ohJHCekvrP6J7HG5Dks/RkO3F0XQ08q/zeEA2', '2020-09-01 04:55:28', 'TENNIS_USER');
insert into Users (id, name, email, password, createdAt, type) values (11, 'Ermina', 'ebotterella@prweb.com', '$2a$10$iHIA5z.qawY//kQ3ohJHCekvrP6J7HG5Dks/RkO3F0XQ08q/zeEA2', '2020-12-31 03:36:45', 'MANAGER');
insert into Users (id, name, email, password, createdAt, type) values (12, 'Rog', 'rganforthb@cmu.edu', '$2a$10$iHIA5z.qawY//kQ3ohJHCekvrP6J7HG5Dks/RkO3F0XQ08q/zeEA2', '2020-09-07 00:04:40', 'TENNIS_USER');
insert into Users (id, name, email, password, createdAt, type) values (13, 'Kennett', 'kmattiellic@youku.com', '$2a$10$iHIA5z.qawY//kQ3ohJHCekvrP6J7HG5Dks/RkO3F0XQ08q/zeEA2', '2020-05-25 23:16:38', 'MANAGER');
insert into Users (id, name, email, password, createdAt, type) values (14, 'Paulo', 'pvardied@1688.com', '$2a$10$iHIA5z.qawY//kQ3ohJHCekvrP6J7HG5Dks/RkO3F0XQ08q/zeEA2', '2021-03-30 01:28:49', 'TENNIS_USER');
insert into Users (id, name, email, password, createdAt, type) values (15, 'Stephie', 'stukesbye@nifty.com', '$2a$10$iHIA5z.qawY//kQ3ohJHCekvrP6J7HG5Dks/RkO3F0XQ08q/zeEA2', '2020-11-19 23:22:21', 'MANAGER');
insert into Users (id, name, email, password, createdAt, type) values (16, 'Libby', 'lslayf@cdc.gov', '$2a$10$iHIA5z.qawY//kQ3ohJHCekvrP6J7HG5Dks/RkO3F0XQ08q/zeEA2', '2020-06-01 11:15:08', 'TENNIS_USER');
insert into Users (id, name, email, password, createdAt, type) values (17, 'Hugo', 'hsodoryg@theglobeandmail.com', '$2a$10$iHIA5z.qawY//kQ3ohJHCekvrP6J7HG5Dks/RkO3F0XQ08q/zeEA2', '2020-07-27 16:19:19', 'MANAGER');
insert into Users (id, name, email, password, createdAt, type) values (18, 'Agnese', 'aamortsh@constantcontact.com', '$2a$10$iHIA5z.qawY//kQ3ohJHCekvrP6J7HG5Dks/RkO3F0XQ08q/zeEA2', '2020-05-26 12:19:40', 'TENNIS_USER');
insert into Users (id, name, email, password, createdAt, type) values (19, 'Archambault', 'aecclestoni@instagram.com', '$2a$10$iHIA5z.qawY//kQ3ohJHCekvrP6J7HG5Dks/RkO3F0XQ08q/zeEA2', '2021-02-10 07:34:02', 'MANAGER');
insert into Users (id, name, email, password, createdAt, type) values (20, 'Ambrosi', 'alegerj@elpais.com', '$2a$10$iHIA5z.qawY//kQ3ohJHCekvrP6J7HG5Dks/RkO3F0XQ08q/zeEA2', '2021-03-26 07:42:19', 'TENNIS_USER');
insert into Users (id, name, email, password, createdAt, type) values (21, 'Alicea', 'aroskeillyk@rediff.com', '$2a$10$iHIA5z.qawY//kQ3ohJHCekvrP6J7HG5Dks/RkO3F0XQ08q/zeEA2', '2021-01-08 20:40:50', 'MANAGER');
insert into Users (id, name, email, password, createdAt, type) values (22, 'Cristiano', 'ckaserl@amazon.com', '$2a$10$iHIA5z.qawY//kQ3ohJHCekvrP6J7HG5Dks/RkO3F0XQ08q/zeEA2', '2020-05-24 23:49:04', 'TENNIS_USER');
insert into Users (id, name, email, password, createdAt, type) values (23, 'Noemi', 'nknoxm@drupal.org', '$2a$10$iHIA5z.qawY//kQ3ohJHCekvrP6J7HG5Dks/RkO3F0XQ08q/zeEA2', '2021-04-17 06:12:49', 'MANAGER');
insert into Users (id, name, email, password, createdAt, type) values (24, 'Elke', 'etesyron@last.fm', 'sGpitc3Vd', '2021-01-11 12:27:05', 'TENNIS_USER');
insert into Users (id, name, email, password, createdAt, type) values (25, 'Caroljean', 'ctolhursto@symantec.com', '$2a$10$iHIA5z.qawY//kQ3ohJHCekvrP6J7HG5Dks/RkO3F0XQ08q/zeEA2', '2020-10-21 10:07:56', 'MANAGER');
insert into Users (id, name, email, password, createdAt, type) values (26, 'Nadia', 'nferrantp@statcounter.com', '$2a$10$iHIA5z.qawY//kQ3ohJHCekvrP6J7HG5Dks/RkO3F0XQ08q/zeEA2', '2020-11-23 20:43:10', 'TENNIS_USER');
insert into Users (id, name, email, password, createdAt, type) values (27, 'Adena', 'afenwickq@google.de', '$2a$10$iHIA5z.qawY//kQ3ohJHCekvrP6J7HG5Dks/RkO3F0XQ08q/zeEA2', '2020-11-27 16:29:58', 'MANAGER');
insert into Users (id, name, email, password, createdAt, type) values (28, 'Kris', 'kyglesiar@facebook.com', '$2a$10$iHIA5z.qawY//kQ3ohJHCekvrP6J7HG5Dks/RkO3F0XQ08q/zeEA2', '2020-06-08 08:50:30', 'TENNIS_USER');
insert into Users (id, name, email, password, createdAt, type) values (29, 'Omero', 'odykinss@craigslist.org', '$2a$10$iHIA5z.qawY//kQ3ohJHCekvrP6J7HG5Dks/RkO3F0XQ08q/zeEA2', '2020-07-10 09:52:24', 'MANAGER');
insert into Users (id, name, email, password, createdAt, type) values (30, 'Gerome', 'grobertist@hao123.com', '$2a$10$iHIA5z.qawY//kQ3ohJHCekvrP6J7HG5Dks/RkO3F0XQ08q/zeEA2', '2021-04-15 00:30:55', 'TENNIS_USER');
insert into Users (id, name, email, password, createdAt, type) values (31, 'Catie', 'caugieu@cam.ac.uk', '$2a$10$iHIA5z.qawY//kQ3ohJHCekvrP6J7HG5Dks/RkO3F0XQ08q/zeEA2', '2020-12-15 21:24:17', 'MANAGER');
insert into Users (id, name, email, password, createdAt, type) values (32, 'Mark', 'mmaskewv@smugmug.com', '$2a$10$iHIA5z.qawY//kQ3ohJHCekvrP6J7HG5Dks/RkO3F0XQ08q/zeEA2', '2020-12-13 01:10:01', 'TENNIS_USER');
insert into Users (id, name, email, password, createdAt, type) values (33, 'Danella', 'dphilcockw@globo.com', '$2a$10$iHIA5z.qawY//kQ3ohJHCekvrP6J7HG5Dks/RkO3F0XQ08q/zeEA2', '2020-09-26 11:50:04', 'MANAGER');
insert into Users (id, name, email, password, createdAt, type) values (34, 'Rowena', 'rlambarthx@phpbb.com', '$2a$10$iHIA5z.qawY//kQ3ohJHCekvrP6J7HG5Dks/RkO3F0XQ08q/zeEA2', '2020-08-15 00:13:49', 'TENNIS_USER');
insert into Users (id, name, email, password, createdAt, type) values (35, 'Livvy', 'lbaxtery@ft.com', '$2a$10$iHIA5z.qawY//kQ3ohJHCekvrP6J7HG5Dks/RkO3F0XQ08q/zeEA2', '2020-12-21 19:36:34', 'MANAGER');
insert into Users (id, name, email, password, createdAt, type) values (36, 'Lancelot', 'lkeaseyz@artisteer.com', '$2a$10$iHIA5z.qawY//kQ3ohJHCekvrP6J7HG5Dks/RkO3F0XQ08q/zeEA2', '2020-12-08 16:01:13', 'TENNIS_USER');
insert into Users (id, name, email, password, createdAt, type) values (37, 'Easter', 'emasham10@tripod.com', '$2a$10$iHIA5z.qawY//kQ3ohJHCekvrP6J7HG5Dks/RkO3F0XQ08q/zeEA2', '2020-11-06 03:54:23', 'MANAGER');
insert into Users (id, name, email, password, createdAt, type) values (38, 'Laetitia', 'lsutehall11@shop-pro.jp', '$2a$10$iHIA5z.qawY//kQ3ohJHCekvrP6J7HG5Dks/RkO3F0XQ08q/zeEA2', '2020-07-02 01:15:06', 'TENNIS_USER');
insert into Users (id, name, email, password, createdAt, type) values (39, 'Karney', 'klahiff12@qq.com', '$2a$10$iHIA5z.qawY//kQ3ohJHCekvrP6J7HG5Dks/RkO3F0XQ08q/zeEA2', '2021-04-18 18:53:20', 'MANAGER');
insert into Users (id, name, email, password, createdAt, type) values (40, 'Antoine', 'arabjohn13@friendfeed.com', '$2a$10$iHIA5z.qawY//kQ3ohJHCekvrP6J7HG5Dks/RkO3F0XQ08q/zeEA2', '2020-12-22 03:00:29', 'TENNIS_USER');
insert into Users (id, name, email, password, createdAt, type) values (41, 'Gilberta', 'gmahady14@facebook.com', '$2a$10$iHIA5z.qawY//kQ3ohJHCekvrP6J7HG5Dks/RkO3F0XQ08q/zeEA2', '2021-01-28 11:58:45', 'MANAGER');
insert into Users (id, name, email, password, createdAt, type) values (42, 'Bernete', 'bstenson15@topsy.com', '$2a$10$iHIA5z.qawY//kQ3ohJHCekvrP6J7HG5Dks/RkO3F0XQ08q/zeEA2', '2020-10-27 01:34:26', 'TENNIS_USER');
insert into Users (id, name, email, password, createdAt, type) values (43, 'Hans', 'hturnor16@mail.ru', '$2a$10$iHIA5z.qawY//kQ3ohJHCekvrP6J7HG5Dks/RkO3F0XQ08q/zeEA2', '2020-06-20 17:20:21', 'MANAGER');
insert into Users (id, name, email, password, createdAt, type) values (44, 'Lida', 'lallerton17@webeden.co.uk', '$2a$10$iHIA5z.qawY//kQ3ohJHCekvrP6J7HG5Dks/RkO3F0XQ08q/zeEA2', '2021-03-27 21:52:04', 'TENNIS_USER');
insert into Users (id, name, email, password, createdAt, type) values (45, 'Goldi', 'ggreguoli18@timesonline.co.uk', '$2a$10$iHIA5z.qawY//kQ3ohJHCekvrP6J7HG5Dks/RkO3F0XQ08q/zeEA2', '2021-04-02 02:04:58', 'MANAGER');
insert into Users (id, name, email, password, createdAt, type) values (46, 'Joyous', 'jbattleson19@toplist.cz', '$2a$10$iHIA5z.qawY//kQ3ohJHCekvrP6J7HG5Dks/RkO3F0XQ08q/zeEA2', '2020-12-05 05:46:18', 'TENNIS_USER');
insert into Users (id, name, email, password, createdAt, type) values (47, 'Maye', 'mdilliway1a@wsj.com', '$2a$10$iHIA5z.qawY//kQ3ohJHCekvrP6J7HG5Dks/RkO3F0XQ08q/zeEA2', '2020-12-05 11:23:13', 'MANAGER');
insert into Users (id, name, email, password, createdAt, type) values (48, 'Teriann', 'tjiroutka1b@xing.com', '$2a$10$iHIA5z.qawY//kQ3ohJHCekvrP6J7HG5Dks/RkO3F0XQ08q/zeEA2', '2021-02-26 06:46:27', 'TENNIS_USER');
insert into Users (id, name, email, password, createdAt, type) values (49, 'Nicola', 'nchivrall1c@ovh.net', '$2a$10$iHIA5z.qawY//kQ3ohJHCekvrP6J7HG5Dks/RkO3F0XQ08q/zeEA2', '2021-02-10 21:05:16', 'MANAGER');
insert into Users (id, name, email, password, createdAt, type) values (50, 'Fabien', 'fautry1d@photobucket.com', '$2a$10$iHIA5z.qawY//kQ3ohJHCekvrP6J7HG5Dks/RkO3F0XQ08q/zeEA2', '2020-06-25 16:00:45', 'TENNIS_USER');


insert into Court (name, location, type, isAvailable, createdAt) values ('Flashdog', '35214 Northport Crossing', 'GRASS', false, '2020-12-20 14:57:10');
insert into Court (name, location, type, isAvailable, createdAt) values ('Pixonyx', '70 Kim Lane', 'CLAY', true, '2020-08-20 06:19:03');
insert into Court (name, location, type, isAvailable, createdAt) values ('Realcube', '1 Di Loreto Crossing', 'SAND', true, '2021-01-13 07:21:29');
insert into Court (name, location, type, isAvailable, createdAt) values ('Oozz', '88 Fuller Hill', 'GRASS', true, '2021-04-08 00:11:46');
insert into Court (name, location, type, isAvailable, createdAt) values ('Eire', '718 Warner Hill', 'CLAY', false, '2021-05-19 07:23:52');
insert into Court (name, location, type, isAvailable, createdAt) values ('Skippad', '26690 Hollow Ridge Way', 'SAND', false, '2020-07-05 15:49:25');
insert into Court (name, location, type, isAvailable, createdAt) values ('Meevee', '37 Forster Trail', 'GRASS', true, '2020-07-31 10:04:56');
insert into Court (name, location, type, isAvailable, createdAt) values ('Gevee', '0490 Delladonna Parkway', 'CLAY', false, '2020-07-21 11:35:10');
insert into Court (name, location, type, isAvailable, createdAt) values ('Fadeo', '1616 Nova Place', 'SAND', false, '2021-03-20 02:11:33');
insert into Court (name, location, type, isAvailable, createdAt) values ('Yamia', '64732 Bayside Parkway', 'GRASS', false, '2020-07-07 15:56:24');
insert into Court (name, location, type, isAvailable, createdAt) values ('Flipstorm', '3 Mandrake Point', 'CLAY', false, '2020-06-20 09:56:37');
insert into Court (name, location, type, isAvailable, createdAt) values ('Chatterbridge', '678 Montana Pass', 'SAND', false, '2020-12-04 05:10:47');
insert into Court (name, location, type, isAvailable, createdAt) values ('Realfire', '41 Vermont Hill', 'GRASS', true, '2021-05-15 13:43:38');
insert into Court (name, location, type, isAvailable, createdAt) values ('Skynoodle', '38 Kenwood Pass', 'CLAY', false, '2021-03-10 22:06:09');
insert into Court (name, location, type, isAvailable, createdAt) values ('Wikivu', '5 Cherokee Crossing', 'SAND', true, '2020-12-09 21:52:26');
insert into Court (name, location, type, isAvailable, createdAt) values ('Gigashots', '4 David Place', 'GRASS', true, '2021-05-09 21:10:39');
insert into Court (name, location, type, isAvailable, createdAt) values ('LiveZ', '95169 Logan Center', 'CLAY', true, '2020-12-21 23:21:29');
insert into Court (name, location, type, isAvailable, createdAt) values ('Topdrive', '682 Onsgard Junction', 'SAND', true, '2021-03-27 14:07:26');
insert into Court (name, location, type, isAvailable, createdAt) values ('Kaymbo', '0953 Hoepker Hill', 'GRASS', false, '2020-09-15 19:15:36');
insert into Court (name, location, type, isAvailable, createdAt) values ('Skyvu', '7323 Crownhardt Place', 'CLAY', false, '2020-06-23 21:55:24');
insert into Court (name, location, type, isAvailable, createdAt) values ('Lazz', '565 Comanche Drive', 'SAND', true, '2020-12-20 15:38:14');
insert into Court (name, location, type, isAvailable, createdAt) values ('Voonder', '2904 Elgar Place', 'GRASS', true, '2021-01-05 04:18:15');
insert into Court (name, location, type, isAvailable, createdAt) values ('Gevee', '78661 Nancy Parkway', 'CLAY', true, '2021-02-22 18:40:19');
insert into Court (name, location, type, isAvailable, createdAt) values ('Tagcat', '372 Hermina Circle', 'SAND', true, '2020-05-25 21:45:44');
insert into Court (name, location, type, isAvailable, createdAt) values ('Quinu', '1802 Fallview Pass', 'GRASS', false, '2021-02-19 08:33:27');
insert into Court (name, location, type, isAvailable, createdAt) values ('Yakidoo', '32968 Karstens Parkway', 'CLAY', true, '2021-04-23 15:07:49');
insert into Court (name, location, type, isAvailable, createdAt) values ('Brightbean', '538 Mandrake Junction', 'SAND', true, '2020-08-07 16:44:33');
insert into Court (name, location, type, isAvailable, createdAt) values ('Gevee', '70236 Monument Lane', 'GRASS', true, '2021-05-19 20:39:37');
insert into Court (name, location, type, isAvailable, createdAt) values ('Skipstorm', '770 Hazelcrest Terrace', 'CLAY', true, '2020-06-22 22:28:48');
insert into Court (name, location, type, isAvailable, createdAt) values ('Plajo', '4485 Mcguire Trail', 'SAND', true, '2020-05-29 17:31:09');
insert into Court (name, location, type, isAvailable, createdAt) values ('Dynazzy', '3311 Judy Terrace', 'GRASS', true, '2021-01-13 05:13:56');
insert into Court (name, location, type, isAvailable, createdAt) values ('Topiczoom', '471 Oak Valley Road', 'CLAY', false, '2020-05-23 14:11:11');
insert into Court (name, location, type, isAvailable, createdAt) values ('Yodo', '459 Esker Circle', 'SAND', false, '2020-06-05 12:00:39');
insert into Court (name, location, type, isAvailable, createdAt) values ('Teklist', '75142 Bobwhite Circle', 'GRASS', false, '2020-12-16 01:46:43');
insert into Court (name, location, type, isAvailable, createdAt) values ('Topicshots', '53 Barby Place', 'CLAY', true, '2020-07-04 08:50:14');
insert into Court (name, location, type, isAvailable, createdAt) values ('Quatz', '46943 Anniversary Avenue', 'SAND', true, '2020-06-05 02:33:24');
insert into Court (name, location, type, isAvailable, createdAt) values ('Kwilith', '0 Beilfuss Trail', 'GRASS', false, '2020-07-15 14:27:32');
insert into Court (name, location, type, isAvailable, createdAt) values ('Zoomdog', '05 Ohio Drive', 'CLAY', false, '2021-04-21 14:10:55');
insert into Court (name, location, type, isAvailable, createdAt) values ('Flashdog', '04877 Onsgard Junction', 'SAND', true, '2021-03-22 09:49:35');
insert into Court (name, location, type, isAvailable, createdAt) values ('Yakitri', '20 Shelley Street', 'GRASS', false, '2020-10-09 16:35:48');
insert into Court (name, location, type, isAvailable, createdAt) values ('Kazu', '12 Duke Center', 'CLAY', false, '2020-07-01 01:51:59');
insert into Court (name, location, type, isAvailable, createdAt) values ('Oyoyo', '6985 Nobel Park', 'SAND', false, '2020-06-01 10:54:35');
insert into Court (name, location, type, isAvailable, createdAt) values ('Zazio', '6937 Annamark Plaza', 'GRASS', false, '2021-01-24 07:05:12');
insert into Court (name, location, type, isAvailable, createdAt) values ('Yakitri', '867 Dunning Junction', 'CLAY', true, '2021-01-19 15:57:25');
insert into Court (name, location, type, isAvailable, createdAt) values ('Pixope', '3921 Forest Road', 'SAND', false, '2020-11-15 10:20:28');
insert into Court (name, location, type, isAvailable, createdAt) values ('Avamba', '8184 Oak Valley Road', 'GRASS', true, '2020-08-09 12:04:19');
insert into Court (name, location, type, isAvailable, createdAt) values ('Kare', '041 Calypso Crossing', 'CLAY', true, '2021-04-05 17:40:44');
insert into Court (name, location, type, isAvailable, createdAt) values ('Oyoyo', '3809 Westerfield Way', 'SAND', true, '2020-11-29 16:30:01');
insert into Court (name, location, type, isAvailable, createdAt) values ('Quaxo', '28597 Arrowood Junction', 'GRASS', true, '2020-05-31 19:42:31');
insert into Court (name, location, type, isAvailable, createdAt) values ('Dabvine', '1982 South Pass', 'CLAY', true, '2020-12-30 05:04:29');
insert into Court (name, location, type, isAvailable, createdAt) values ('Twiyo', '00213 Morrow Way', 'SAND', true, '2020-12-30 19:36:28');
insert into Court (name, location, type, isAvailable, createdAt) values ('Devbug', '1553 Dayton Point', 'GRASS', false, '2020-08-18 03:04:34');
insert into Court (name, location, type, isAvailable, createdAt) values ('Yabox', '26 Talmadge Lane', 'CLAY', false, '2021-03-08 12:56:54');
insert into Court (name, location, type, isAvailable, createdAt) values ('Centimia', '5 Transport Road', 'SAND', true, '2020-08-11 00:40:14');
insert into Court (name, location, type, isAvailable, createdAt) values ('Meeveo', '334 Erie Junction', 'GRASS', true, '2020-07-17 12:53:46');
insert into Court (name, location, type, isAvailable, createdAt) values ('Dabjam', '1 Beilfuss Center', 'CLAY', false, '2020-08-26 17:06:12');
insert into Court (name, location, type, isAvailable, createdAt) values ('Camimbo', '59447 Mockingbird Place', 'SAND', false, '2020-07-06 18:02:01');
insert into Court (name, location, type, isAvailable, createdAt) values ('Cogilith', '921 Carey Pass', 'GRASS', true, '2021-04-30 18:58:29');
insert into Court (name, location, type, isAvailable, createdAt) values ('Realbuzz', '30937 Cordelia Junction', 'CLAY', true, '2020-10-12 15:09:25');
insert into Court (name, location, type, isAvailable, createdAt) values ('Edgeify', '61757 Pawling Terrace', 'SAND', true, '2021-01-06 17:08:54');
insert into Court (name, location, type, isAvailable, createdAt) values ('Wordify', '8243 Clarendon Parkway', 'GRASS', false, '2021-04-10 12:49:22');
insert into Court (name, location, type, isAvailable, createdAt) values ('Mycat', '6783 Erie Park', 'CLAY', false, '2021-05-05 11:21:52');
insert into Court (name, location, type, isAvailable, createdAt) values ('Kanoodle', '5 Heath Park', 'SAND', false, '2021-04-27 04:18:55');
insert into Court (name, location, type, isAvailable, createdAt) values ('Thoughtstorm', '7631 Delaware Place', 'GRASS', false, '2021-03-14 16:37:33');
insert into Court (name, location, type, isAvailable, createdAt) values ('Eidel', '0399 Pleasure Lane', 'CLAY', false, '2021-02-12 08:49:05');
insert into Court (name, location, type, isAvailable, createdAt) values ('Linkbridge', '62 Mockingbird Point', 'SAND', true, '2020-06-03 15:06:35');
insert into Court (name, location, type, isAvailable, createdAt) values ('Ntags', '3 Namekagon Street', 'GRASS', false, '2020-06-19 02:02:24');
insert into Court (name, location, type, isAvailable, createdAt) values ('Gigabox', '81 Aberg Drive', 'CLAY', false, '2020-07-25 06:42:56');
insert into Court (name, location, type, isAvailable, createdAt) values ('Blogspan', '5 Old Shore Street', 'SAND', true, '2020-08-17 07:24:36');
insert into Court (name, location, type, isAvailable, createdAt) values ('Reallinks', '869 Meadow Ridge Park', 'GRASS', false, '2020-06-15 10:41:54');
insert into Court (name, location, type, isAvailable, createdAt) values ('Trunyx', '5618 Starling Park', 'CLAY', true, '2020-07-29 22:02:36');
insert into Court (name, location, type, isAvailable, createdAt) values ('LiveZ', '5 Schmedeman Terrace', 'SAND', true, '2020-09-13 09:42:58');
insert into Court (name, location, type, isAvailable, createdAt) values ('Jazzy', '1 Havey Lane', 'GRASS', false, '2020-08-22 14:45:47');
insert into Court (name, location, type, isAvailable, createdAt) values ('Brainbox', '95158 Stoughton Pass', 'CLAY', true, '2021-04-03 13:16:49');
insert into Court (name, location, type, isAvailable, createdAt) values ('Skaboo', '5 Nelson Point', 'SAND', false, '2020-10-04 17:19:57');
insert into Court (name, location, type, isAvailable, createdAt) values ('BlogXS', '47 6th Parkway', 'GRASS', true, '2021-02-27 11:14:53');
insert into Court (name, location, type, isAvailable, createdAt) values ('Centidel', '4 Warbler Place', 'CLAY', false, '2020-12-01 16:41:30');
insert into Court (name, location, type, isAvailable, createdAt) values ('Yotz', '17429 Arapahoe Center', 'SAND', false, '2021-03-08 10:08:28');
insert into Court (name, location, type, isAvailable, createdAt) values ('Brainlounge', '5 Hazelcrest Plaza', 'GRASS', false, '2020-09-06 12:40:36');
insert into Court (name, location, type, isAvailable, createdAt) values ('Fanoodle', '4336 Golf Course Park', 'CLAY', true, '2020-11-25 18:04:04');
insert into Court (name, location, type, isAvailable, createdAt) values ('Realfire', '6229 Sunbrook Point', 'SAND', true, '2020-10-05 13:52:21');
insert into Court (name, location, type, isAvailable, createdAt) values ('Photobean', '638 Mcbride Alley', 'GRASS', true, '2020-06-22 22:36:20');
insert into Court (name, location, type, isAvailable, createdAt) values ('Centimia', '38770 Golf View Street', 'CLAY', false, '2021-02-28 08:22:47');
insert into Court (name, location, type, isAvailable, createdAt) values ('Lazzy', '380 Hollow Ridge Drive', 'SAND', false, '2020-07-26 09:59:07');
insert into Court (name, location, type, isAvailable, createdAt) values ('Twitterworks', '44 Thompson Center', 'GRASS', true, '2020-06-17 11:16:10');
insert into Court (name, location, type, isAvailable, createdAt) values ('Quatz', '9 Carey Alley', 'CLAY', false, '2020-12-28 20:32:05');
insert into Court (name, location, type, isAvailable, createdAt) values ('Teklist', '158 Mcguire Terrace', 'SAND', false, '2021-04-10 03:56:40');
insert into Court (name, location, type, isAvailable, createdAt) values ('Thoughtstorm', '7659 Anthes Terrace', 'GRASS', false, '2020-09-22 08:06:19');
insert into Court (name, location, type, isAvailable, createdAt) values ('Mudo', '23 Monument Crossing', 'CLAY', false, '2020-12-05 22:13:37');
insert into Court (name, location, type, isAvailable, createdAt) values ('Buzzdog', '8 Hauk Court', 'SAND', true, '2020-12-19 14:56:07');
insert into Court (name, location, type, isAvailable, createdAt) values ('Buzzster', '1644 Maple Wood Place', 'GRASS', true, '2020-12-23 20:38:03');
insert into Court (name, location, type, isAvailable, createdAt) values ('Flipbug', '69 Manitowish Circle', 'CLAY', true, '2021-01-03 17:36:10');
insert into Court (name, location, type, isAvailable, createdAt) values ('Topicblab', '596 Forest Dale Parkway', 'SAND', true, '2020-10-10 18:09:10');
insert into Court (name, location, type, isAvailable, createdAt) values ('Gigashots', '15 Twin Pines Way', 'GRASS', true, '2020-12-05 04:30:47');
insert into Court (name, location, type, isAvailable, createdAt) values ('Browsebug', '3910 Brown Place', 'CLAY', false, '2020-06-21 19:32:48');
insert into Court (name, location, type, isAvailable, createdAt) values ('Flipopia', '3 West Hill', 'SAND', false, '2021-05-16 06:49:13');
insert into Court (name, location, type, isAvailable, createdAt) values ('Quamba', '16 Sunnyside Park', 'GRASS', false, '2021-01-28 04:26:07');
insert into Court (name, location, type, isAvailable, createdAt) values ('Rhyzio', '416 Declaration Point', 'CLAY', true, '2020-11-17 04:36:06');
insert into Court (name, location, type, isAvailable, createdAt) values ('Tanoodle', '45 Fulton Crossing', 'SAND', true, '2020-11-07 06:08:38');
insert into Court (name, location, type, isAvailable, createdAt) values ('Zoomdog', '75042 Dahle Center', 'GRASS', true, '2020-06-04 22:25:34');


insert into Event (name, description, startTime, endTime, eventDate, eventType, user_id, court_id) values ('Orn, Schaden and Stiedemann', 'Re-engineered dedicated migration', '5:04', '20:29', '11/1/2020', 'TENNIS_USER', 41, 10);
insert into Event (name, description, startTime, endTime, eventDate, eventType, user_id, court_id) values ('Flatley, Huel and Howell', 'Progressive homogeneous hardware', '2:39', '18:25', '7/6/2020', 'LESSON', 16, 69);
insert into Event (name, description, startTime, endTime, eventDate, eventType, user_id, court_id) values ('Beatty-Collins', 'Quality-focused disintermediate knowledge base', '3:49', '14:03', '4/12/2021', 'TOURNAMENT', 23, 42);
insert into Event (name, description, startTime, endTime, eventDate, eventType, user_id, court_id) values ('Breitenberg, Ernser and Glover', 'User-centric composite process improvement', '0:58', '21:20', '6/9/2020', 'TENNIS_USER', 36, 56);
insert into Event (name, description, startTime, endTime, eventDate, eventType, user_id, court_id) values ('Abbott Inc', 'Multi-layered bottom-line system engine', '9:49', '18:06', '3/9/2021', 'LESSON', 9, 38);
insert into Event (name, description, startTime, endTime, eventDate, eventType, user_id, court_id) values ('Nolan, Kirlin and Quigley', 'Fundamental intangible collaboration', '4:23', '18:22', '1/17/2021', 'TOURNAMENT', 29, 43);
insert into Event (name, description, startTime, endTime, eventDate, eventType, user_id, court_id) values ('Treutel, Barrows and O''Kon', 'Virtual content-based emulation', '9:30', '18:36', '10/13/2020', 'TENNIS_USER', 22, 29);
insert into Event (name, description, startTime, endTime, eventDate, eventType, user_id, court_id) values ('Hammes Inc', 'Sharable object-oriented middleware', '3:42', '16:46', '11/12/2020', 'LESSON', 23, 26);
insert into Event (name, description, startTime, endTime, eventDate, eventType, user_id, court_id) values ('McKenzie, Reichert and Cummings', 'Exclusive composite capacity', '9:36', '16:15', '8/9/2020', 'TOURNAMENT', 39, 88);
insert into Event (name, description, startTime, endTime, eventDate, eventType, user_id, court_id) values ('Parker Group', 'Open-architected optimizing implementation', '3:01', '18:42', '6/17/2020', 'TENNIS_USER', 7, 50);
insert into Event (name, description, startTime, endTime, eventDate, eventType, user_id, court_id) values ('Roberts-Turcotte', 'Enterprise-wide homogeneous migration', '3:09', '20:03', '1/12/2021', 'LESSON', 50, 17);
insert into Event (name, description, startTime, endTime, eventDate, eventType, user_id, court_id) values ('Mayer-Heller', 'Proactive explicit emulation', '10:21', '18:49', '12/26/2020', 'TOURNAMENT', 17, 54);
insert into Event (name, description, startTime, endTime, eventDate, eventType, user_id, court_id) values ('Grady and Sons', 'Public-key global forecast', '3:21', '19:25', '12/12/2020', 'TENNIS_USER', 36, 41);
insert into Event (name, description, startTime, endTime, eventDate, eventType, user_id, court_id) values ('Gusikowski, Brown and Ledner', 'Secured responsive groupware', '3:46', '22:14', '2/17/2021', 'LESSON', 43, 82);
insert into Event (name, description, startTime, endTime, eventDate, eventType, user_id, court_id) values ('Heller, Keebler and McLaughlin', 'Stand-alone contextually-based projection', '7:34', '18:41', '11/24/2020', 'TOURNAMENT', 5, 43);
insert into Event (name, description, startTime, endTime, eventDate, eventType, user_id, court_id) values ('Schaden-Wehner', 'Customer-focused transitional Graphical User Interface', '8:42', '20:38', '10/26/2020', 'TENNIS_USER', 37, 90);
insert into Event (name, description, startTime, endTime, eventDate, eventType, user_id, court_id) values ('Hoppe LLC', 'Fundamental multimedia attitude', '0:11', '18:37', '5/26/2020', 'LESSON', 13, 46);
insert into Event (name, description, startTime, endTime, eventDate, eventType, user_id, court_id) values ('Johns, Larson and Collins', 'Profound encompassing data-warehouse', '7:20', '19:25', '4/22/2021', 'TOURNAMENT', 45, 5);
insert into Event (name, description, startTime, endTime, eventDate, eventType, user_id, court_id) values ('Sanford, Douglas and Glover', 'Open-source intangible secured line', '2:08', '17:40', '10/18/2020', 'TENNIS_USER', 45, 16);
insert into Event (name, description, startTime, endTime, eventDate, eventType, user_id, court_id) values ('Schroeder, Hansen and Zulauf', 'Intuitive client-server website', '1:51', '17:06', '1/20/2021', 'LESSON', 36, 63);
insert into Event (name, description, startTime, endTime, eventDate, eventType, user_id, court_id) values ('Herzog, Wiza and Fritsch', 'Synergistic tertiary firmware', '1:44', '15:48', '8/16/2020', 'TOURNAMENT', 28, 66);
insert into Event (name, description, startTime, endTime, eventDate, eventType, user_id, court_id) values ('Tromp Inc', 'Secured national intranet', '4:12', '16:40', '3/15/2021', 'TENNIS_USER', 41, 59);
insert into Event (name, description, startTime, endTime, eventDate, eventType, user_id, court_id) values ('Windler, Oberbrunner and Wiza', 'Managed regional system engine', '2:02', '20:20', '6/13/2020', 'LESSON', 38, 48);
insert into Event (name, description, startTime, endTime, eventDate, eventType, user_id, court_id) values ('Bayer-Prohaska', 'Advanced optimizing protocol', '8:22', '14:27', '5/9/2021', 'TOURNAMENT', 48, 29);
insert into Event (name, description, startTime, endTime, eventDate, eventType, user_id, court_id) values ('Koepp Inc', 'Multi-channelled optimal customer loyalty', '1:56', '21:50', '5/10/2021', 'TENNIS_USER', 9, 8);
insert into Event (name, description, startTime, endTime, eventDate, eventType, user_id, court_id) values ('Jerde-Carter', 'Ameliorated web-enabled capacity', '8:04', '13:18', '9/17/2020', 'LESSON', 47, 20);
insert into Event (name, description, startTime, endTime, eventDate, eventType, user_id, court_id) values ('Pollich-Beahan', 'Reactive multi-tasking adapter', '7:07', '17:33', '10/10/2020', 'TOURNAMENT', 18, 79);
insert into Event (name, description, startTime, endTime, eventDate, eventType, user_id, court_id) values ('Price and Sons', 'Team-oriented homogeneous open architecture', '6:13', '17:24', '8/8/2020', 'TENNIS_USER', 32, 60);
insert into Event (name, description, startTime, endTime, eventDate, eventType, user_id, court_id) values ('Baumbach Group', 'Secured human-resource neural-net', '8:05', '13:16', '11/22/2020', 'LESSON', 10, 33);
insert into Event (name, description, startTime, endTime, eventDate, eventType, user_id, court_id) values ('Homenick, Huel and Watsica', 'Fundamental leading edge hardware', '9:42', '22:52', '11/21/2020', 'TOURNAMENT', 37, 1);
insert into Event (name, description, startTime, endTime, eventDate, eventType, user_id, court_id) values ('Borer LLC', 'Horizontal intermediate process improvement', '3:03', '17:48', '9/27/2020', 'TENNIS_USER', 23, 42);
insert into Event (name, description, startTime, endTime, eventDate, eventType, user_id, court_id) values ('Hartmann, Kihn and McCullough', 'Intuitive didactic extranet', '7:17', '22:35', '5/11/2021', 'LESSON', 50, 3);
insert into Event (name, description, startTime, endTime, eventDate, eventType, user_id, court_id) values ('O''Keefe Group', 'Reverse-engineered 4th generation info-mediaries', '1:14', '17:13', '8/26/2020', 'TOURNAMENT', 12, 35);
insert into Event (name, description, startTime, endTime, eventDate, eventType, user_id, court_id) values ('Monahan, Vandervort and Weimann', 'Team-oriented needs-based policy', '11:32', '17:59', '11/27/2020', 'TENNIS_USER', 23, 11);
insert into Event (name, description, startTime, endTime, eventDate, eventType, user_id, court_id) values ('Kuphal, Koss and Adams', 'Managed demand-driven focus group', '11:55', '18:06', '5/10/2021', 'LESSON', 1, 67);
insert into Event (name, description, startTime, endTime, eventDate, eventType, user_id, court_id) values ('Luettgen LLC', 'Intuitive multimedia synergy', '2:12', '17:34', '7/29/2020', 'TOURNAMENT', 24, 21);
insert into Event (name, description, startTime, endTime, eventDate, eventType, user_id, court_id) values ('Medhurst, Stark and Feeney', 'Assimilated directional customer loyalty', '9:41', '22:18', '10/13/2020', 'TENNIS_USER', 44, 5);
insert into Event (name, description, startTime, endTime, eventDate, eventType, user_id, court_id) values ('Simonis, Hettinger and O''Keefe', 'Seamless explicit strategy', '11:08', '16:48', '8/30/2020', 'LESSON', 32, 68);
insert into Event (name, description, startTime, endTime, eventDate, eventType, user_id, court_id) values ('Nitzsche-Cassin', 'Secured demand-driven task-force', '0:43', '22:16', '8/1/2020', 'TOURNAMENT', 33, 66);
insert into Event (name, description, startTime, endTime, eventDate, eventType, user_id, court_id) values ('Heaney-Dicki', 'Focused zero tolerance access', '8:54', '20:34', '11/1/2020', 'TENNIS_USER', 26, 63);
insert into Event (name, description, startTime, endTime, eventDate, eventType, user_id, court_id) values ('Schultz-Metz', 'Open-architected methodical artificial intelligence', '10:05', '21:24', '4/16/2021', 'LESSON', 3, 19);
insert into Event (name, description, startTime, endTime, eventDate, eventType, user_id, court_id) values ('Marquardt-Kassulke', 'Function-based scalable workforce', '9:46', '18:24', '8/31/2020', 'TOURNAMENT', 5, 84);
insert into Event (name, description, startTime, endTime, eventDate, eventType, user_id, court_id) values ('Bauch and Sons', 'Self-enabling intermediate success', '7:37', '15:13', '7/16/2020', 'TENNIS_USER', 48, 5);
insert into Event (name, description, startTime, endTime, eventDate, eventType, user_id, court_id) values ('Fadel-Nikolaus', 'Fully-configurable impactful monitoring', '9:20', '18:05', '3/21/2021', 'LESSON', 31, 84);
insert into Event (name, description, startTime, endTime, eventDate, eventType, user_id, court_id) values ('Monahan-Konopelski', 'Open-source holistic circuit', '9:26', '19:21', '10/14/2020', 'TOURNAMENT', 16, 81);
insert into Event (name, description, startTime, endTime, eventDate, eventType, user_id, court_id) values ('Prohaska-Walsh', 'Front-line systemic paradigm', '11:52', '23:31', '2/15/2021', 'TENNIS_USER', 48, 63);
insert into Event (name, description, startTime, endTime, eventDate, eventType, user_id, court_id) values ('Murphy-Boyer', 'Up-sized fresh-thinking paradigm', '4:44', '22:54', '7/1/2020', 'LESSON', 18, 18);
insert into Event (name, description, startTime, endTime, eventDate, eventType, user_id, court_id) values ('Berge, Gerhold and Dietrich', 'Reduced 3rd generation functionalities', '7:22', '18:29', '3/18/2021', 'TOURNAMENT', 36, 35);
insert into Event (name, description, startTime, endTime, eventDate, eventType, user_id, court_id) values ('Pacocha, Dietrich and Bogan', 'Public-key zero tolerance synergy', '5:45', '17:04', '12/27/2020', 'TENNIS_USER', 33, 10);
insert into Event (name, description, startTime, endTime, eventDate, eventType, user_id, court_id) values ('Wunsch-MacGyver', 'Networked bi-directional pricing structure', '6:42', '20:20', '10/26/2020', 'LESSON', 20, 27);
insert into Event (name, description, startTime, endTime, eventDate, eventType, user_id, court_id) values ('Sipes, Cartwright and Bartoletti', 'Front-line composite monitoring', '7:27', '17:02', '4/9/2021', 'TOURNAMENT', 6, 31);
insert into Event (name, description, startTime, endTime, eventDate, eventType, user_id, court_id) values ('Cole and Sons', 'Reactive attitude-oriented structure', '4:22', '15:18', '6/2/2020', 'TENNIS_USER', 27, 63);
insert into Event (name, description, startTime, endTime, eventDate, eventType, user_id, court_id) values ('Barton and Sons', 'Horizontal value-added methodology', '4:45', '19:42', '2/10/2021', 'LESSON', 50, 24);
insert into Event (name, description, startTime, endTime, eventDate, eventType, user_id, court_id) values ('Gusikowski-Dibbert', 'Re-contextualized didactic benchmark', '5:47', '23:36', '10/27/2020', 'TOURNAMENT', 27, 58);
insert into Event (name, description, startTime, endTime, eventDate, eventType, user_id, court_id) values ('Kertzmann Group', 'Face to face regional knowledge base', '2:20', '21:13', '3/28/2021', 'TENNIS_USER', 47, 86);
insert into Event (name, description, startTime, endTime, eventDate, eventType, user_id, court_id) values ('Kling Group', 'Synergized grid-enabled architecture', '3:49', '18:04', '1/6/2021', 'LESSON', 34, 59);
insert into Event (name, description, startTime, endTime, eventDate, eventType, user_id, court_id) values ('Konopelski-Emmerich', 'Networked executive pricing structure', '3:51', '22:32', '2/15/2021', 'TOURNAMENT', 35, 13);
insert into Event (name, description, startTime, endTime, eventDate, eventType, user_id, court_id) values ('Kuvalis, Nikolaus and Hirthe', 'Future-proofed dedicated website', '3:47', '15:15', '1/12/2021', 'TENNIS_USER', 39, 30);
insert into Event (name, description, startTime, endTime, eventDate, eventType, user_id, court_id) values ('Lemke-Schinner', 'Assimilated holistic structure', '3:15', '18:13', '4/21/2021', 'LESSON', 29, 56);
insert into Event (name, description, startTime, endTime, eventDate, eventType, user_id, court_id) values ('Greenfelder, Lynch and Rippin', 'Monitored zero tolerance hub', '5:53', '23:04', '3/27/2021', 'TOURNAMENT', 43, 70);
insert into Event (name, description, startTime, endTime, eventDate, eventType, user_id, court_id) values ('Erdman, Cruickshank and Breitenberg', 'Open-architected radical approach', '4:02', '15:04', '4/19/2021', 'TENNIS_USER', 7, 63);
insert into Event (name, description, startTime, endTime, eventDate, eventType, user_id, court_id) values ('Balistreri, Donnelly and Graham', 'Re-contextualized fresh-thinking portal', '11:57', '15:24', '1/6/2021', 'LESSON', 48, 26);
insert into Event (name, description, startTime, endTime, eventDate, eventType, user_id, court_id) values ('Murray-Rowe', 'Pre-emptive local frame', '11:40', '14:59', '1/1/2021', 'TOURNAMENT', 32, 62);
insert into Event (name, description, startTime, endTime, eventDate, eventType, user_id, court_id) values ('Rolfson-Smitham', 'Progressive value-added knowledge user', '2:22', '19:22', '7/13/2020', 'TENNIS_USER', 48, 80);
insert into Event (name, description, startTime, endTime, eventDate, eventType, user_id, court_id) values ('Tillman-Franecki', 'Decentralized empowering product', '0:15', '15:12', '1/14/2021', 'LESSON', 5, 36);
insert into Event (name, description, startTime, endTime, eventDate, eventType, user_id, court_id) values ('Emard-Hickle', 'Visionary empowering neural-net', '8:03', '17:49', '3/18/2021', 'TOURNAMENT', 31, 15);
insert into Event (name, description, startTime, endTime, eventDate, eventType, user_id, court_id) values ('Stroman and Sons', 'Synergistic mission-critical instruction set', '3:33', '21:05', '4/25/2021', 'TENNIS_USER', 5, 11);
insert into Event (name, description, startTime, endTime, eventDate, eventType, user_id, court_id) values ('Hagenes and Sons', 'Cloned static service-desk', '1:36', '20:32', '6/27/2020', 'LESSON', 16, 51);
insert into Event (name, description, startTime, endTime, eventDate, eventType, user_id, court_id) values ('Murray, Lemke and Crist', 'Multi-layered bandwidth-monitored encoding', '10:38', '19:02', '8/2/2020', 'TOURNAMENT', 35, 50);
insert into Event (name, description, startTime, endTime, eventDate, eventType, user_id, court_id) values ('Abbott LLC', 'Quality-focused bi-directional benchmark', '11:43', '19:28', '3/30/2021', 'TENNIS_USER', 46, 9);
insert into Event (name, description, startTime, endTime, eventDate, eventType, user_id, court_id) values ('Mraz, Feeney and Erdman', 'Seamless mobile challenge', '0:38', '13:13', '1/16/2021', 'LESSON', 50, 54);
insert into Event (name, description, startTime, endTime, eventDate, eventType, user_id, court_id) values ('Rohan, Rutherford and Goyette', 'Robust interactive hub', '12:15', '14:24', '4/12/2021', 'TOURNAMENT', 12, 50);
insert into Event (name, description, startTime, endTime, eventDate, eventType, user_id, court_id) values ('Ledner and Sons', 'Customizable interactive contingency', '8:32', '22:35', '2/23/2021', 'TENNIS_USER', 44, 83);
insert into Event (name, description, startTime, endTime, eventDate, eventType, user_id, court_id) values ('Nader-Lubowitz', 'Distributed 24 hour local area network', '1:56', '16:30', '9/12/2020', 'LESSON', 45, 67);
insert into Event (name, description, startTime, endTime, eventDate, eventType, user_id, court_id) values ('Weimann-Nienow', 'Reduced hybrid attitude', '11:46', '14:12', '5/3/2021', 'TOURNAMENT', 37, 5);
insert into Event (name, description, startTime, endTime, eventDate, eventType, user_id, court_id) values ('Schuster-Smith', 'Managed composite Graphical User Interface', '3:39', '21:53', '3/4/2021', 'TENNIS_USER', 40, 21);
insert into Event (name, description, startTime, endTime, eventDate, eventType, user_id, court_id) values ('Gerlach Inc', 'Multi-channelled explicit function', '5:14', '16:22', '5/29/2020', 'LESSON', 42, 31);
insert into Event (name, description, startTime, endTime, eventDate, eventType, user_id, court_id) values ('Pfeffer-Goodwin', 'De-engineered dedicated solution', '4:09', '16:51', '10/5/2020', 'TOURNAMENT', 11, 2);
insert into Event (name, description, startTime, endTime, eventDate, eventType, user_id, court_id) values ('Graham-Hettinger', 'Balanced global flexibility', '7:14', '13:55', '3/9/2021', 'TENNIS_USER', 32, 46);
insert into Event (name, description, startTime, endTime, eventDate, eventType, user_id, court_id) values ('Hills Group', 'Expanded heuristic framework', '12:23', '19:19', '10/11/2020', 'LESSON', 50, 87);
insert into Event (name, description, startTime, endTime, eventDate, eventType, user_id, court_id) values ('Johnston LLC', 'Robust neutral analyzer', '5:07', '19:06', '12/18/2020', 'TOURNAMENT', 9, 8);
insert into Event (name, description, startTime, endTime, eventDate, eventType, user_id, court_id) values ('Adams LLC', 'Multi-tiered fresh-thinking throughput', '2:30', '19:42', '1/15/2021', 'TENNIS_USER', 41, 4);
insert into Event (name, description, startTime, endTime, eventDate, eventType, user_id, court_id) values ('Zieme, Beer and Cruickshank', 'Enhanced foreground monitoring', '8:04', '14:31', '1/20/2021', 'LESSON', 21, 82);
insert into Event (name, description, startTime, endTime, eventDate, eventType, user_id, court_id) values ('Jacobson and Sons', 'Optional object-oriented moderator', '2:06', '13:20', '11/10/2020', 'TOURNAMENT', 6, 71);
insert into Event (name, description, startTime, endTime, eventDate, eventType, user_id, court_id) values ('Gaylord LLC', 'Object-based global model', '6:01', '18:11', '3/7/2021', 'TENNIS_USER', 9, 21);
insert into Event (name, description, startTime, endTime, eventDate, eventType, user_id, court_id) values ('Ritchie LLC', 'Polarised asynchronous paradigm', '4:13', '16:02', '10/22/2020', 'LESSON', 35, 12);
insert into Event (name, description, startTime, endTime, eventDate, eventType, user_id, court_id) values ('Cremin Group', 'Cross-group leading edge protocol', '0:38', '13:15', '9/2/2020', 'TOURNAMENT', 12, 36);
insert into Event (name, description, startTime, endTime, eventDate, eventType, user_id, court_id) values ('Donnelly, Hudson and Lind', 'Function-based static local area network', '12:41', '16:41', '5/24/2020', 'TENNIS_USER', 44, 2);
insert into Event (name, description, startTime, endTime, eventDate, eventType, user_id, court_id) values ('Little Inc', 'User-centric attitude-oriented data-warehouse', '0:38', '18:53', '12/30/2020', 'LESSON', 49, 79);
insert into Event (name, description, startTime, endTime, eventDate, eventType, user_id, court_id) values ('Predovic Inc', 'Profit-focused next generation moderator', '2:12', '14:29', '1/24/2021', 'TOURNAMENT', 28, 5);
insert into Event (name, description, startTime, endTime, eventDate, eventType, user_id, court_id) values ('Wolff-DuBuque', 'Monitored optimizing access', '7:13', '19:00', '2/16/2021', 'TENNIS_USER', 29, 6);
insert into Event (name, description, startTime, endTime, eventDate, eventType, user_id, court_id) values ('Bogan Inc', 'Adaptive systematic structure', '7:26', '15:07', '11/20/2020', 'LESSON', 11, 37);
insert into Event (name, description, startTime, endTime, eventDate, eventType, user_id, court_id) values ('Hintz-Ritchie', 'Virtual logistical circuit', '0:54', '19:08', '12/19/2020', 'TOURNAMENT', 36, 2);
insert into Event (name, description, startTime, endTime, eventDate, eventType, user_id, court_id) values ('Zulauf, Grady and Sanford', 'Upgradable 4th generation circuit', '0:45', '17:19', '9/15/2020', 'TENNIS_USER', 27, 43);
insert into Event (name, description, startTime, endTime, eventDate, eventType, user_id, court_id) values ('McGlynn-Maggio', 'Upgradable client-driven analyzer', '7:25', '16:18', '2/13/2021', 'LESSON', 49, 90);
insert into Event (name, description, startTime, endTime, eventDate, eventType, user_id, court_id) values ('Bradtke-Hilll', 'Automated didactic contingency', '2:41', '23:53', '12/14/2020', 'TOURNAMENT', 45, 18);
insert into Event (name, description, startTime, endTime, eventDate, eventType, user_id, court_id) values ('Cassin-Welch', 'Fully-configurable impactful interface', '0:46', '14:23', '5/29/2020', 'TENNIS_USER', 47, 89);
insert into Event (name, description, startTime, endTime, eventDate, eventType, user_id, court_id) values ('Schumm-Ritchie', 'Polarised next generation interface', '6:40', '22:47', '5/18/2021', 'LESSON', 46, 76);
insert into Event (name, description, startTime, endTime, eventDate, eventType, user_id, court_id) values ('Macejkovic-Rosenbaum', 'Synchronised didactic service-desk', '2:43', '22:53', '11/16/2020', 'TOURNAMENT', 22, 40);
insert into Event (name, description, startTime, endTime, eventDate, eventType, user_id, court_id) values ('Donnelly, Kautzer and Jacobson', 'Up-sized even-keeled project', '5:05', '20:26', '10/30/2020', 'TENNIS_USER', 35, 58);
insert into Event (name, description, startTime, endTime, eventDate, eventType, user_id, court_id) values ('Ortiz-Mohr', 'Fully-configurable responsive Graphical User Interface', '2:17', '15:40', '9/19/2020', 'LESSON', 17, 32);
insert into Event (name, description, startTime, endTime, eventDate, eventType, user_id, court_id) values ('Moen, Wyman and Emmerich', 'Integrated composite standardization', '11:05', '23:28', '4/20/2021', 'TOURNAMENT', 20, 17);
insert into Event (name, description, startTime, endTime, eventDate, eventType, user_id, court_id) values ('Kozey-Zieme', 'Integrated neutral complexity', '10:28', '21:59', '12/10/2020', 'TENNIS_USER', 48, 27);
insert into Event (name, description, startTime, endTime, eventDate, eventType, user_id, court_id) values ('Carroll-Mohr', 'Progressive leading edge utilisation', '4:50', '19:36', '3/31/2021', 'LESSON', 9, 1);
insert into Event (name, description, startTime, endTime, eventDate, eventType, user_id, court_id) values ('Rice Inc', 'Ergonomic clear-thinking projection', '0:26', '19:07', '8/29/2020', 'TOURNAMENT', 23, 38);
insert into Event (name, description, startTime, endTime, eventDate, eventType, user_id, court_id) values ('Will-Weissnat', 'Horizontal contextually-based focus group', '3:36', '23:14', '12/8/2020', 'TENNIS_USER', 18, 4);
insert into Event (name, description, startTime, endTime, eventDate, eventType, user_id, court_id) values ('Luettgen-West', 'Total fresh-thinking paradigm', '6:28', '21:53', '11/12/2020', 'LESSON', 46, 49);
insert into Event (name, description, startTime, endTime, eventDate, eventType, user_id, court_id) values ('Bradtke-Vandervort', 'Assimilated intermediate strategy', '0:49', '16:31', '1/3/2021', 'TOURNAMENT', 24, 2);
insert into Event (name, description, startTime, endTime, eventDate, eventType, user_id, court_id) values ('Upton, Will and Kautzer', 'Streamlined regional instruction set', '3:05', '21:46', '12/16/2020', 'TENNIS_USER', 44, 25);
insert into Event (name, description, startTime, endTime, eventDate, eventType, user_id, court_id) values ('Zulauf-Beahan', 'Robust client-driven product', '9:46', '16:28', '6/18/2020', 'LESSON', 49, 61);
insert into Event (name, description, startTime, endTime, eventDate, eventType, user_id, court_id) values ('Pacocha-Luettgen', 'Diverse upward-trending focus group', '2:41', '15:08', '1/2/2021', 'TOURNAMENT', 36, 30);
insert into Event (name, description, startTime, endTime, eventDate, eventType, user_id, court_id) values ('Kuvalis-Beer', 'Devolved grid-enabled Graphic Interface', '12:10', '22:31', '5/19/2021', 'TENNIS_USER', 47, 67);
insert into Event (name, description, startTime, endTime, eventDate, eventType, user_id, court_id) values ('Konopelski, Mann and Dooley', 'Synergistic bi-directional methodology', '12:50', '20:22', '6/29/2020', 'LESSON', 40, 48);
insert into Event (name, description, startTime, endTime, eventDate, eventType, user_id, court_id) values ('Roob, Sauer and Heathcote', 'Reduced asymmetric encoding', '5:14', '20:44', '5/7/2021', 'TOURNAMENT', 28, 67);
insert into Event (name, description, startTime, endTime, eventDate, eventType, user_id, court_id) values ('Fay-Volkman', 'Fully-configurable explicit approach', '6:07', '18:51', '12/23/2020', 'TENNIS_USER', 37, 12);
insert into Event (name, description, startTime, endTime, eventDate, eventType, user_id, court_id) values ('Wilderman, Roob and Boehm', 'Seamless multi-tasking toolset', '1:43', '14:20', '9/12/2020', 'LESSON', 27, 82);
insert into Event (name, description, startTime, endTime, eventDate, eventType, user_id, court_id) values ('Grady, Mills and Stanton', 'Cloned homogeneous structure', '5:14', '21:39', '2/14/2021', 'TOURNAMENT', 16, 6);
insert into Event (name, description, startTime, endTime, eventDate, eventType, user_id, court_id) values ('Bartoletti, Lowe and Gutkowski', 'Fundamental context-sensitive utilisation', '10:48', '17:37', '6/22/2020', 'TENNIS_USER', 14, 81);
insert into Event (name, description, startTime, endTime, eventDate, eventType, user_id, court_id) values ('Krajcik, Frami and Emmerich', 'Up-sized disintermediate extranet', '12:16', '23:27', '10/29/2020', 'LESSON', 39, 63);
insert into Event (name, description, startTime, endTime, eventDate, eventType, user_id, court_id) values ('Marvin-Kovacek', 'Centralized scalable installation', '10:35', '17:34', '7/29/2020', 'TOURNAMENT', 2, 44);
insert into Event (name, description, startTime, endTime, eventDate, eventType, user_id, court_id) values ('Turner, Pagac and Hand', 'Configurable maximized hierarchy', '4:27', '13:41', '1/2/2021', 'TENNIS_USER', 13, 73);
insert into Event (name, description, startTime, endTime, eventDate, eventType, user_id, court_id) values ('Reynolds, Corwin and Swift', 'Diverse asynchronous pricing structure', '10:32', '18:24', '3/8/2021', 'LESSON', 9, 52);
insert into Event (name, description, startTime, endTime, eventDate, eventType, user_id, court_id) values ('Aufderhar LLC', 'Profound needs-based task-force', '9:55', '23:12', '1/11/2021', 'TOURNAMENT', 50, 48);
insert into Event (name, description, startTime, endTime, eventDate, eventType, user_id, court_id) values ('Reichel, Tillman and Heller', 'Multi-channelled modular array', '10:36', '15:59', '6/6/2020', 'TENNIS_USER', 6, 54);
insert into Event (name, description, startTime, endTime, eventDate, eventType, user_id, court_id) values ('Kihn, Nolan and Keeling', 'User-friendly object-oriented solution', '6:22', '20:54', '2/26/2021', 'LESSON', 49, 47);
insert into Event (name, description, startTime, endTime, eventDate, eventType, user_id, court_id) values ('Terry Inc', 'Cross-platform client-driven encryption', '10:51', '19:20', '3/27/2021', 'TOURNAMENT', 11, 18);
insert into Event (name, description, startTime, endTime, eventDate, eventType, user_id, court_id) values ('Kling, Deckow and Kulas', 'Visionary real-time complexity', '2:58', '21:21', '12/27/2020', 'TENNIS_USER', 13, 26);
insert into Event (name, description, startTime, endTime, eventDate, eventType, user_id, court_id) values ('Connelly Group', 'Open-source analyzing circuit', '3:51', '21:01', '5/10/2021', 'LESSON', 5, 64);
insert into Event (name, description, startTime, endTime, eventDate, eventType, user_id, court_id) values ('Dach, Wunsch and Kautzer', 'Realigned disintermediate challenge', '7:09', '13:10', '5/22/2021', 'TOURNAMENT', 31, 64);
insert into Event (name, description, startTime, endTime, eventDate, eventType, user_id, court_id) values ('Schumm LLC', 'Open-source systematic conglomeration', '4:12', '20:26', '3/9/2021', 'TENNIS_USER', 10, 4);
insert into Event (name, description, startTime, endTime, eventDate, eventType, user_id, court_id) values ('Lockman-Will', 'Horizontal asynchronous hardware', '11:38', '20:30', '4/26/2021', 'LESSON', 22, 15);
insert into Event (name, description, startTime, endTime, eventDate, eventType, user_id, court_id) values ('Crist-Turcotte', 'Compatible homogeneous policy', '0:01', '22:40', '9/2/2020', 'TOURNAMENT', 20, 57);
insert into Event (name, description, startTime, endTime, eventDate, eventType, user_id, court_id) values ('Spinka, Aufderhar and Cole', 'Distributed user-facing toolset', '8:22', '21:20', '2/10/2021', 'TENNIS_USER', 3, 41);
insert into Event (name, description, startTime, endTime, eventDate, eventType, user_id, court_id) values ('Kling-Dibbert', 'Multi-channelled even-keeled focus group', '12:44', '16:02', '11/1/2020', 'LESSON', 14, 65);
insert into Event (name, description, startTime, endTime, eventDate, eventType, user_id, court_id) values ('Marks and Sons', 'Total real-time installation', '11:38', '14:49', '1/9/2021', 'TOURNAMENT', 39, 28);
insert into Event (name, description, startTime, endTime, eventDate, eventType, user_id, court_id) values ('Fritsch and Sons', 'Diverse stable software', '7:35', '22:16', '1/8/2021', 'TENNIS_USER', 41, 54);
insert into Event (name, description, startTime, endTime, eventDate, eventType, user_id, court_id) values ('Christiansen, Wolff and Hauck', 'Multi-tiered background neural-net', '4:27', '18:30', '6/17/2020', 'LESSON', 29, 59);
insert into Event (name, description, startTime, endTime, eventDate, eventType, user_id, court_id) values ('Brakus, Hodkiewicz and Bauch', 'Object-based national groupware', '1:57', '22:57', '8/15/2020', 'TOURNAMENT', 4, 59);
insert into Event (name, description, startTime, endTime, eventDate, eventType, user_id, court_id) values ('Hoeger, Yost and Smitham', 'Optional uniform hub', '10:11', '14:31', '6/2/2020', 'TENNIS_USER', 3, 62);
insert into Event (name, description, startTime, endTime, eventDate, eventType, user_id, court_id) values ('Smitham Group', 'Polarised fault-tolerant moderator', '2:09', '19:07', '4/28/2021', 'LESSON', 45, 39);
insert into Event (name, description, startTime, endTime, eventDate, eventType, user_id, court_id) values ('Flatley, Cruickshank and Reichel', 'De-engineered 6th generation ability', '6:20', '23:21', '5/28/2020', 'TOURNAMENT', 48, 70);
insert into Event (name, description, startTime, endTime, eventDate, eventType, user_id, court_id) values ('Gottlieb, DuBuque and Mills', 'Customizable dynamic hardware', '10:35', '23:44', '4/12/2021', 'TENNIS_USER', 28, 17);
insert into Event (name, description, startTime, endTime, eventDate, eventType, user_id, court_id) values ('O''Connell, Kilback and Schumm', 'Optional solution-oriented forecast', '9:13', '22:24', '3/31/2021', 'LESSON', 10, 42);
insert into Event (name, description, startTime, endTime, eventDate, eventType, user_id, court_id) values ('Thiel-Schuppe', 'Cross-group scalable info-mediaries', '7:18', '21:52', '3/25/2021', 'TOURNAMENT', 16, 84);
insert into Event (name, description, startTime, endTime, eventDate, eventType, user_id, court_id) values ('Jacobson, Haley and Rempel', 'Ameliorated zero defect adapter', '10:44', '18:30', '1/16/2021', 'TENNIS_USER', 44, 17);
insert into Event (name, description, startTime, endTime, eventDate, eventType, user_id, court_id) values ('Becker-Prosacco', 'Stand-alone system-worthy help-desk', '1:12', '19:29', '10/3/2020', 'LESSON', 16, 87);
insert into Event (name, description, startTime, endTime, eventDate, eventType, user_id, court_id) values ('McKenzie-Turcotte', 'Intuitive 5th generation task-force', '7:40', '14:17', '1/15/2021', 'TOURNAMENT', 32, 63);
insert into Event (name, description, startTime, endTime, eventDate, eventType, user_id, court_id) values ('Thiel Group', 'Triple-buffered heuristic policy', '12:06', '18:08', '9/18/2020', 'TENNIS_USER', 49, 86);
insert into Event (name, description, startTime, endTime, eventDate, eventType, user_id, court_id) values ('Schimmel Group', 'Decentralized multi-state contingency', '9:15', '18:46', '6/18/2020', 'LESSON', 37, 56);
insert into Event (name, description, startTime, endTime, eventDate, eventType, user_id, court_id) values ('Grant Group', 'Organic neutral intranet', '10:39', '14:10', '4/25/2021', 'TOURNAMENT', 24, 30);
insert into Event (name, description, startTime, endTime, eventDate, eventType, user_id, court_id) values ('Grimes, Collier and Kassulke', 'Grass-roots tertiary local area network', '12:41', '16:56', '4/30/2021', 'TENNIS_USER', 46, 18);
insert into Event (name, description, startTime, endTime, eventDate, eventType, user_id, court_id) values ('Sauer-Rempel', 'Front-line analyzing success', '7:41', '20:47', '8/15/2020', 'LESSON', 15, 72);
insert into Event (name, description, startTime, endTime, eventDate, eventType, user_id, court_id) values ('Pfeffer, Nienow and Grimes', 'Cross-platform 4th generation monitoring', '3:38', '13:39', '11/18/2020', 'TOURNAMENT', 15, 35);
insert into Event (name, description, startTime, endTime, eventDate, eventType, user_id, court_id) values ('Skiles, Kovacek and Gottlieb', 'Assimilated foreground monitoring', '10:32', '19:20', '9/1/2020', 'TENNIS_USER', 24, 17);
insert into Event (name, description, startTime, endTime, eventDate, eventType, user_id, court_id) values ('Strosin, Pfannerstill and Dickinson', 'Persevering analyzing adapter', '3:34', '19:30', '6/14/2020', 'LESSON', 38, 76);
insert into Event (name, description, startTime, endTime, eventDate, eventType, user_id, court_id) values ('Mraz Group', 'Reactive asymmetric workforce', '0:44', '16:07', '2/15/2021', 'TOURNAMENT', 5, 47);
insert into Event (name, description, startTime, endTime, eventDate, eventType, user_id, court_id) values ('Langosh-Funk', 'Quality-focused executive support', '3:48', '16:23', '2/20/2021', 'TENNIS_USER', 40, 59);
insert into Event (name, description, startTime, endTime, eventDate, eventType, user_id, court_id) values ('Wuckert Group', 'Robust foreground core', '9:58', '13:07', '2/12/2021', 'LESSON', 4, 12);
insert into Event (name, description, startTime, endTime, eventDate, eventType, user_id, court_id) values ('Bode and Sons', 'Virtual solution-oriented website', '2:08', '19:01', '5/31/2020', 'TOURNAMENT', 8, 7);
insert into Event (name, description, startTime, endTime, eventDate, eventType, user_id, court_id) values ('Orn, Koelpin and Graham', 'Open-architected heuristic process improvement', '11:59', '20:41', '5/27/2020', 'TENNIS_USER', 14, 33);
insert into Event (name, description, startTime, endTime, eventDate, eventType, user_id, court_id) values ('Schumm Inc', 'Front-line foreground project', '5:07', '19:12', '6/27/2020', 'LESSON', 46, 38);
insert into Event (name, description, startTime, endTime, eventDate, eventType, user_id, court_id) values ('Ruecker Inc', 'Managed reciprocal matrices', '9:03', '23:27', '11/29/2020', 'TOURNAMENT', 45, 1);
insert into Event (name, description, startTime, endTime, eventDate, eventType, user_id, court_id) values ('Abbott, Nitzsche and Weber', 'Re-contextualized incremental toolset', '2:27', '22:40', '1/12/2021', 'TENNIS_USER', 10, 64);
insert into Event (name, description, startTime, endTime, eventDate, eventType, user_id, court_id) values ('Rohan, Thiel and Gusikowski', 'Synchronised attitude-oriented service-desk', '11:25', '14:37', '1/6/2021', 'LESSON', 7, 37);
insert into Event (name, description, startTime, endTime, eventDate, eventType, user_id, court_id) values ('Robel, Fadel and Crona', 'Streamlined client-driven moderator', '5:45', '18:58', '8/21/2020', 'TOURNAMENT', 8, 20);
insert into Event (name, description, startTime, endTime, eventDate, eventType, user_id, court_id) values ('Treutel, Mann and Fahey', 'Balanced contextually-based hub', '6:55', '17:10', '5/1/2021', 'TENNIS_USER', 28, 17);
insert into Event (name, description, startTime, endTime, eventDate, eventType, user_id, court_id) values ('Sanford Group', 'Customer-focused national info-mediaries', '6:17', '21:46', '5/20/2021', 'LESSON', 26, 8);
insert into Event (name, description, startTime, endTime, eventDate, eventType, user_id, court_id) values ('Hilll and Sons', 'Advanced bottom-line knowledge base', '1:37', '16:15', '10/4/2020', 'TOURNAMENT', 1, 65);
insert into Event (name, description, startTime, endTime, eventDate, eventType, user_id, court_id) values ('Kerluke, Kshlerin and Jacobson', 'Stand-alone mission-critical definition', '12:58', '14:32', '12/6/2020', 'TENNIS_USER', 45, 48);
insert into Event (name, description, startTime, endTime, eventDate, eventType, user_id, court_id) values ('Hoeger-Wintheiser', 'Persevering fresh-thinking toolset', '12:05', '15:31', '6/16/2020', 'LESSON', 2, 55);
insert into Event (name, description, startTime, endTime, eventDate, eventType, user_id, court_id) values ('Tromp-Fahey', 'Persevering holistic infrastructure', '1:06', '20:48', '3/9/2021', 'TOURNAMENT', 16, 72);
insert into Event (name, description, startTime, endTime, eventDate, eventType, user_id, court_id) values ('Weber-Olson', 'Virtual zero administration hub', '9:57', '17:48', '6/11/2020', 'TENNIS_USER', 15, 9);
insert into Event (name, description, startTime, endTime, eventDate, eventType, user_id, court_id) values ('Weber, Ryan and Funk', 'Versatile maximized artificial intelligence', '5:21', '16:34', '3/6/2021', 'LESSON', 31, 12);
insert into Event (name, description, startTime, endTime, eventDate, eventType, user_id, court_id) values ('Kreiger-Christiansen', 'Streamlined scalable instruction set', '5:58', '13:47', '10/30/2020', 'TOURNAMENT', 21, 50);
insert into Event (name, description, startTime, endTime, eventDate, eventType, user_id, court_id) values ('Reichel-Jenkins', 'Persevering stable circuit', '5:23', '21:53', '4/11/2021', 'TENNIS_USER', 49, 13);
insert into Event (name, description, startTime, endTime, eventDate, eventType, user_id, court_id) values ('Renner and Sons', 'Robust 24/7 forecast', '11:15', '15:12', '6/28/2020', 'LESSON', 24, 88);
insert into Event (name, description, startTime, endTime, eventDate, eventType, user_id, court_id) values ('Thompson-Bogan', 'Multi-channelled bi-directional time-frame', '1:47', '14:57', '11/14/2020', 'TOURNAMENT', 8, 19);
insert into Event (name, description, startTime, endTime, eventDate, eventType, user_id, court_id) values ('Quigley LLC', 'Customizable next generation Graphical User Interface', '5:58', '18:46', '12/17/2020', 'TENNIS_USER', 32, 71);
insert into Event (name, description, startTime, endTime, eventDate, eventType, user_id, court_id) values ('Nader, Renner and Kuhic', 'Upgradable 5th generation archive', '9:26', '23:33', '10/27/2020', 'LESSON', 16, 2);
insert into Event (name, description, startTime, endTime, eventDate, eventType, user_id, court_id) values ('Mosciski, Wyman and Kutch', 'Ergonomic 5th generation projection', '11:59', '19:19', '3/11/2021', 'TOURNAMENT', 46, 50);
insert into Event (name, description, startTime, endTime, eventDate, eventType, user_id, court_id) values ('Klocko Inc', 'User-friendly maximized policy', '9:58', '18:07', '7/28/2020', 'TENNIS_USER', 48, 29);
insert into Event (name, description, startTime, endTime, eventDate, eventType, user_id, court_id) values ('Leannon, Hermiston and Legros', 'Reduced client-driven moderator', '4:50', '23:56', '4/16/2021', 'LESSON', 4, 27);
insert into Event (name, description, startTime, endTime, eventDate, eventType, user_id, court_id) values ('Ankunding, Carter and Goyette', 'Universal dedicated ability', '4:19', '16:00', '5/11/2021', 'TOURNAMENT', 5, 55);
insert into Event (name, description, startTime, endTime, eventDate, eventType, user_id, court_id) values ('Glover, Mitchell and Borer', 'Automated mission-critical service-desk', '5:41', '16:49', '8/8/2020', 'TENNIS_USER', 14, 54);
insert into Event (name, description, startTime, endTime, eventDate, eventType, user_id, court_id) values ('Treutel-Wehner', 'Organic discrete moderator', '12:13', '14:30', '9/12/2020', 'LESSON', 27, 90);
insert into Event (name, description, startTime, endTime, eventDate, eventType, user_id, court_id) values ('Adams, Crona and Miller', 'Proactive background middleware', '7:20', '18:12', '6/25/2020', 'TOURNAMENT', 18, 3);
insert into Event (name, description, startTime, endTime, eventDate, eventType, user_id, court_id) values ('Schaden-Brekke', 'Adaptive neutral synergy', '4:17', '23:18', '10/22/2020', 'TENNIS_USER', 49, 27);
insert into Event (name, description, startTime, endTime, eventDate, eventType, user_id, court_id) values ('Dicki LLC', 'Persevering client-driven pricing structure', '11:14', '14:51', '4/21/2021', 'LESSON', 28, 44);
insert into Event (name, description, startTime, endTime, eventDate, eventType, user_id, court_id) values ('Lubowitz-Wintheiser', 'Adaptive coherent framework', '6:04', '19:28', '4/28/2021', 'TOURNAMENT', 21, 6);
insert into Event (name, description, startTime, endTime, eventDate, eventType, user_id, court_id) values ('Hamill and Sons', 'Ergonomic optimal system engine', '5:20', '19:07', '6/23/2020', 'TENNIS_USER', 46, 14);
insert into Event (name, description, startTime, endTime, eventDate, eventType, user_id, court_id) values ('Erdman, Dooley and Feeney', 'Expanded interactive structure', '0:47', '13:47', '5/7/2021', 'LESSON', 42, 80);
insert into Event (name, description, startTime, endTime, eventDate, eventType, user_id, court_id) values ('Pollich LLC', 'Customer-focused uniform forecast', '3:42', '23:33', '8/11/2020', 'TOURNAMENT', 17, 3);
insert into Event (name, description, startTime, endTime, eventDate, eventType, user_id, court_id) values ('Weimann Group', 'Persistent multi-tasking capacity', '1:12', '23:52', '6/19/2020', 'TENNIS_USER', 44, 14);
insert into Event (name, description, startTime, endTime, eventDate, eventType, user_id, court_id) values ('Larson LLC', 'Business-focused radical benchmark', '9:33', '14:11', '7/3/2020', 'LESSON', 37, 84);
insert into Event (name, description, startTime, endTime, eventDate, eventType, user_id, court_id) values ('Zboncak Inc', 'Compatible bandwidth-monitored local area network', '6:32', '18:04', '10/29/2020', 'TOURNAMENT', 39, 86);
insert into Event (name, description, startTime, endTime, eventDate, eventType, user_id, court_id) values ('Fay LLC', 'Switchable impactful instruction set', '8:30', '20:57', '9/25/2020', 'TENNIS_USER', 36, 12);
insert into Event (name, description, startTime, endTime, eventDate, eventType, user_id, court_id) values ('Howe-Kozey', 'Assimilated multimedia encoding', '9:18', '19:56', '8/12/2020', 'LESSON', 11, 5);
insert into Event (name, description, startTime, endTime, eventDate, eventType, user_id, court_id) values ('Rice-Swift', 'Universal multi-state attitude', '9:03', '23:37', '1/9/2021', 'TOURNAMENT', 31, 3);
insert into Event (name, description, startTime, endTime, eventDate, eventType, user_id, court_id) values ('Hills, Yost and Harvey', 'Public-key human-resource database', '0:40', '22:25', '10/27/2020', 'TENNIS_USER', 30, 2);
insert into Event (name, description, startTime, endTime, eventDate, eventType, user_id, court_id) values ('Gottlieb LLC', 'Multi-channelled reciprocal process improvement', '0:08', '14:42', '10/23/2020', 'LESSON', 4, 46);
insert into Event (name, description, startTime, endTime, eventDate, eventType, user_id, court_id) values ('Terry and Sons', 'Visionary asynchronous system engine', '4:20', '13:32', '10/30/2020', 'TOURNAMENT', 26, 73);
insert into Event (name, description, startTime, endTime, eventDate, eventType, user_id, court_id) values ('Spencer and Sons', 'Down-sized executive process improvement', '7:11', '21:34', '11/12/2020', 'TENNIS_USER', 46, 13);
insert into Event (name, description, startTime, endTime, eventDate, eventType, user_id, court_id) values ('Little Group', 'Advanced dynamic function', '7:26', '21:30', '4/21/2021', 'LESSON', 10, 16);
insert into Event (name, description, startTime, endTime, eventDate, eventType, user_id, court_id) values ('Harvey Inc', 'Assimilated non-volatile throughput', '8:02', '14:05', '4/9/2021', 'TOURNAMENT', 16, 2);
insert into Event (name, description, startTime, endTime, eventDate, eventType, user_id, court_id) values ('Graham, Kassulke and DuBuque', 'Profound multi-tasking infrastructure', '12:39', '13:01', '3/29/2021', 'TENNIS_USER', 3, 40);
insert into Event (name, description, startTime, endTime, eventDate, eventType, user_id, court_id) values ('Nitzsche-Block', 'Upgradable background projection', '7:22', '17:00', '11/9/2020', 'LESSON', 11, 44);
insert into Event (name, description, startTime, endTime, eventDate, eventType, user_id, court_id) values ('Hyatt-Terry', 'Versatile leading edge success', '6:37', '16:21', '8/17/2020', 'TOURNAMENT', 30, 57);
insert into Event (name, description, startTime, endTime, eventDate, eventType, user_id, court_id) values ('Heathcote-Konopelski', 'Public-key high-level info-mediaries', '9:59', '16:36', '12/28/2020', 'TENNIS_USER', 32, 44);
insert into Event (name, description, startTime, endTime, eventDate, eventType, user_id, court_id) values ('Pollich-Walsh', 'Re-engineered mobile firmware', '1:27', '23:53', '6/6/2020', 'LESSON', 30, 1);
insert into Event (name, description, startTime, endTime, eventDate, eventType, user_id, court_id) values ('Stamm, White and Mertz', 'Cross-platform human-resource infrastructure', '11:05', '22:24', '11/12/2020', 'TOURNAMENT', 17, 76);
insert into Event (name, description, startTime, endTime, eventDate, eventType, user_id, court_id) values ('Kertzmann-Schuster', 'Intuitive national circuit', '12:39', '19:30', '7/20/2020', 'TENNIS_USER', 32, 76);
insert into Event (name, description, startTime, endTime, eventDate, eventType, user_id, court_id) values ('Corkery LLC', 'Ameliorated attitude-oriented core', '10:13', '23:03', '7/9/2020', 'LESSON', 44, 41);
insert into Event (name, description, startTime, endTime, eventDate, eventType, user_id, court_id) values ('Stroman LLC', 'Ergonomic human-resource functionalities', '9:49', '21:15', '12/24/2020', 'TOURNAMENT', 20, 47);
insert into Event (name, description, startTime, endTime, eventDate, eventType, user_id, court_id) values ('Swift-Turner', 'Operative attitude-oriented success', '6:50', '16:44', '9/8/2020', 'TENNIS_USER', 4, 64);
insert into Event (name, description, startTime, endTime, eventDate, eventType, user_id, court_id) values ('Ledner, Renner and Hackett', 'Synergistic clear-thinking service-desk', '4:22', '21:51', '8/17/2020', 'LESSON', 37, 81);
insert into Event (name, description, startTime, endTime, eventDate, eventType, user_id, court_id) values ('Gutmann-Bauch', 'Managed dynamic instruction set', '5:15', '15:24', '7/11/2020', 'TOURNAMENT', 36, 45);
insert into Event (name, description, startTime, endTime, eventDate, eventType, user_id, court_id) values ('Shields, Zieme and Dibbert', 'Visionary bottom-line analyzer', '5:01', '16:51', '5/21/2021', 'TENNIS_USER', 44, 43);
insert into Event (name, description, startTime, endTime, eventDate, eventType, user_id, court_id) values ('DuBuque-Russel', 'De-engineered secondary capability', '10:27', '20:36', '3/21/2021', 'LESSON', 7, 21);
insert into Event (name, description, startTime, endTime, eventDate, eventType, user_id, court_id) values ('Hermann LLC', 'Ameliorated upward-trending data-warehouse', '2:03', '18:10', '12/7/2020', 'TOURNAMENT', 30, 14);
insert into Event (name, description, startTime, endTime, eventDate, eventType, user_id, court_id) values ('Ortiz-Crona', 'Horizontal eco-centric success', '0:27', '22:35', '7/17/2020', 'TENNIS_USER', 7, 31);
insert into Event (name, description, startTime, endTime, eventDate, eventType, user_id, court_id) values ('Bogisich Group', 'Adaptive incremental array', '2:20', '16:59', '12/4/2020', 'LESSON', 10, 3);
insert into Event (name, description, startTime, endTime, eventDate, eventType, user_id, court_id) values ('Dare-Purdy', 'Adaptive exuding focus group', '1:46', '23:16', '10/21/2020', 'TOURNAMENT', 8, 54);
insert into Event (name, description, startTime, endTime, eventDate, eventType, user_id, court_id) values ('Waelchi-Stracke', 'User-friendly foreground utilisation', '10:32', '14:48', '4/15/2021', 'TENNIS_USER', 12, 16);
insert into Event (name, description, startTime, endTime, eventDate, eventType, user_id, court_id) values ('Gislason-Upton', 'Inverse 4th generation intranet', '8:47', '14:24', '3/29/2021', 'LESSON', 9, 58);
insert into Event (name, description, startTime, endTime, eventDate, eventType, user_id, court_id) values ('Rippin-Sauer', 'Centralized user-facing definition', '4:49', '18:51', '2/10/2021', 'TOURNAMENT', 25, 60);
insert into Event (name, description, startTime, endTime, eventDate, eventType, user_id, court_id) values ('Brakus Inc', 'Proactive client-server hardware', '5:52', '19:30', '10/15/2020', 'TENNIS_USER', 32, 84);
insert into Event (name, description, startTime, endTime, eventDate, eventType, user_id, court_id) values ('Kreiger-Stracke', 'Pre-emptive 6th generation policy', '4:05', '14:59', '1/15/2021', 'LESSON', 34, 16);
insert into Event (name, description, startTime, endTime, eventDate, eventType, user_id, court_id) values ('Bosco Inc', 'Proactive dedicated alliance', '6:26', '18:58', '1/14/2021', 'TOURNAMENT', 36, 80);
insert into Event (name, description, startTime, endTime, eventDate, eventType, user_id, court_id) values ('Torphy, White and Schulist', 'Quality-focused leading edge solution', '1:49', '20:13', '1/24/2021', 'TENNIS_USER', 21, 49);
insert into Event (name, description, startTime, endTime, eventDate, eventType, user_id, court_id) values ('Will Group', 'Vision-oriented homogeneous installation', '9:45', '18:53', '3/31/2021', 'LESSON', 4, 83);
insert into Event (name, description, startTime, endTime, eventDate, eventType, user_id, court_id) values ('McDermott and Sons', 'Face to face motivating time-frame', '6:32', '13:09', '4/8/2021', 'TOURNAMENT', 23, 83);
insert into Event (name, description, startTime, endTime, eventDate, eventType, user_id, court_id) values ('Schaefer, Homenick and Haley', 'Phased full-range implementation', '10:23', '20:16', '7/17/2020', 'TENNIS_USER', 22, 59);
insert into Event (name, description, startTime, endTime, eventDate, eventType, user_id, court_id) values ('Wisozk-Larkin', 'Robust foreground instruction set', '9:37', '21:46', '12/4/2020', 'LESSON', 2, 42);
insert into Event (name, description, startTime, endTime, eventDate, eventType, user_id, court_id) values ('Hudson-Schmitt', 'Programmable fresh-thinking service-desk', '7:45', '21:06', '7/14/2020', 'TOURNAMENT', 15, 70);
insert into Event (name, description, startTime, endTime, eventDate, eventType, user_id, court_id) values ('Konopelski, Franecki and Crist', 'Integrated coherent parallelism', '2:10', '13:31', '2/18/2021', 'TENNIS_USER', 19, 17);
insert into Event (name, description, startTime, endTime, eventDate, eventType, user_id, court_id) values ('Mayert-Barrows', 'Function-based global data-warehouse', '11:12', '20:34', '10/15/2020', 'LESSON', 27, 47);
insert into Event (name, description, startTime, endTime, eventDate, eventType, user_id, court_id) values ('Heidenreich LLC', 'Pre-emptive full-range implementation', '1:03', '18:41', '1/14/2021', 'TOURNAMENT', 19, 2);
insert into Event (name, description, startTime, endTime, eventDate, eventType, user_id, court_id) values ('Willms-Fadel', 'Multi-channelled bottom-line focus group', '1:47', '21:12', '12/7/2020', 'TENNIS_USER', 32, 90);
insert into Event (name, description, startTime, endTime, eventDate, eventType, user_id, court_id) values ('Jaskolski-Walter', 'Organized encompassing process improvement', '5:01', '14:04', '7/23/2020', 'LESSON', 25, 55);
insert into Event (name, description, startTime, endTime, eventDate, eventType, user_id, court_id) values ('O''Hara Inc', 'Robust actuating installation', '4:23', '16:06', '11/17/2020', 'TOURNAMENT', 38, 2);
insert into Event (name, description, startTime, endTime, eventDate, eventType, user_id, court_id) values ('Stracke-Simonis', 'Managed systemic function', '10:49', '21:07', '7/23/2020', 'TENNIS_USER', 35, 33);
insert into Event (name, description, startTime, endTime, eventDate, eventType, user_id, court_id) values ('Legros, Wolff and Reichert', 'Seamless composite moderator', '10:31', '20:51', '8/24/2020', 'LESSON', 13, 69);
insert into Event (name, description, startTime, endTime, eventDate, eventType, user_id, court_id) values ('Parisian-O''Connell', 'Automated executive success', '6:09', '16:14', '4/24/2021', 'TOURNAMENT', 48, 20);
insert into Event (name, description, startTime, endTime, eventDate, eventType, user_id, court_id) values ('Oberbrunner, Tromp and Hauck', 'Persevering actuating algorithm', '5:53', '19:18', '6/2/2020', 'TENNIS_USER', 47, 83);
insert into Event (name, description, startTime, endTime, eventDate, eventType, user_id, court_id) values ('Volkman Group', 'Progressive multi-state paradigm', '2:29', '16:06', '9/17/2020', 'LESSON', 35, 10);
insert into Event (name, description, startTime, endTime, eventDate, eventType, user_id, court_id) values ('Stoltenberg, Fritsch and Johnson', 'User-centric asymmetric installation', '9:08', '19:35', '7/12/2020', 'TOURNAMENT', 18, 84);
insert into Event (name, description, startTime, endTime, eventDate, eventType, user_id, court_id) values ('Hirthe LLC', 'User-centric heuristic middleware', '8:47', '15:29', '9/4/2020', 'TENNIS_USER', 48, 24);
insert into Event (name, description, startTime, endTime, eventDate, eventType, user_id, court_id) values ('Koss, Spencer and Schneider', 'Automated full-range array', '10:24', '22:10', '3/23/2021', 'LESSON', 15, 87);
insert into Event (name, description, startTime, endTime, eventDate, eventType, user_id, court_id) values ('Lowe LLC', 'Configurable modular core', '5:06', '19:47', '2/18/2021', 'TOURNAMENT', 35, 69);
insert into Event (name, description, startTime, endTime, eventDate, eventType, user_id, court_id) values ('West-Kunde', 'Extended hybrid service-desk', '3:45', '14:20', '3/2/2021', 'TENNIS_USER', 24, 52);
insert into Event (name, description, startTime, endTime, eventDate, eventType, user_id, court_id) values ('Hessel, Kertzmann and Prohaska', 'Innovative methodical implementation', '5:16', '15:31', '6/3/2020', 'LESSON', 50, 59);
insert into Event (name, description, startTime, endTime, eventDate, eventType, user_id, court_id) values ('Shanahan LLC', 'Persistent 5th generation core', '3:55', '22:59', '2/12/2021', 'TOURNAMENT', 6, 6);
insert into Event (name, description, startTime, endTime, eventDate, eventType, user_id, court_id) values ('MacGyver Group', 'Distributed neutral matrix', '2:32', '20:47', '6/26/2020', 'TENNIS_USER', 9, 37);
insert into Event (name, description, startTime, endTime, eventDate, eventType, user_id, court_id) values ('Mosciski Group', 'Ameliorated disintermediate policy', '12:30', '20:28', '5/11/2021', 'LESSON', 31, 84);
insert into Event (name, description, startTime, endTime, eventDate, eventType, user_id, court_id) values ('Rau-Rohan', 'Profound multi-tasking alliance', '4:27', '13:36', '4/28/2021', 'TOURNAMENT', 16, 50);
insert into Event (name, description, startTime, endTime, eventDate, eventType, user_id, court_id) values ('Reichel-Lowe', 'Reactive interactive time-frame', '11:54', '23:54', '5/20/2021', 'TENNIS_USER', 8, 52);
insert into Event (name, description, startTime, endTime, eventDate, eventType, user_id, court_id) values ('Purdy LLC', 'Optimized tertiary project', '11:51', '22:53', '3/16/2021', 'LESSON', 38, 2);
insert into Event (name, description, startTime, endTime, eventDate, eventType, user_id, court_id) values ('Pouros Group', 'User-friendly content-based analyzer', '0:26', '18:20', '11/6/2020', 'TOURNAMENT', 14, 63);
insert into Event (name, description, startTime, endTime, eventDate, eventType, user_id, court_id) values ('Dach-VonRueden', 'Centralized systematic application', '6:10', '23:47', '3/30/2021', 'TENNIS_USER', 26, 24);
insert into Event (name, description, startTime, endTime, eventDate, eventType, user_id, court_id) values ('Satterfield-Luettgen', 'Multi-channelled systemic workforce', '9:34', '14:15', '2/11/2021', 'LESSON', 2, 59);
insert into Event (name, description, startTime, endTime, eventDate, eventType, user_id, court_id) values ('Cartwright Group', 'Fully-configurable didactic strategy', '4:02', '21:56', '6/17/2020', 'TOURNAMENT', 37, 90);
insert into Event (name, description, startTime, endTime, eventDate, eventType, user_id, court_id) values ('Shields-Reichert', 'Virtual intangible pricing structure', '3:34', '16:59', '1/14/2021', 'TENNIS_USER', 12, 29);
insert into Event (name, description, startTime, endTime, eventDate, eventType, user_id, court_id) values ('Graham and Sons', 'Public-key client-driven function', '8:31', '15:59', '5/24/2020', 'LESSON', 33, 49);
insert into Event (name, description, startTime, endTime, eventDate, eventType, user_id, court_id) values ('Champlin, Halvorson and Johnston', 'Upgradable full-range structure', '10:08', '20:37', '10/11/2020', 'TOURNAMENT', 10, 84);
insert into Event (name, description, startTime, endTime, eventDate, eventType, user_id, court_id) values ('Mueller, Lind and Larson', 'Organic content-based contingency', '6:10', '17:23', '11/2/2020', 'TENNIS_USER', 14, 6);
insert into Event (name, description, startTime, endTime, eventDate, eventType, user_id, court_id) values ('Quitzon Inc', 'Diverse clear-thinking circuit', '11:31', '16:03', '7/26/2020', 'LESSON', 32, 69);
insert into Event (name, description, startTime, endTime, eventDate, eventType, user_id, court_id) values ('Gulgowski-Schinner', 'Digitized impactful help-desk', '7:55', '20:06', '1/31/2021', 'TOURNAMENT', 40, 48);
insert into Event (name, description, startTime, endTime, eventDate, eventType, user_id, court_id) values ('Hilll-Oberbrunner', 'Devolved incremental flexibility', '0:49', '14:39', '1/4/2021', 'TENNIS_USER', 49, 17);
insert into Event (name, description, startTime, endTime, eventDate, eventType, user_id, court_id) values ('Collins, Reinger and Marks', 'Right-sized interactive database', '4:32', '17:47', '8/14/2020', 'LESSON', 38, 35);
insert into Event (name, description, startTime, endTime, eventDate, eventType, user_id, court_id) values ('Treutel Group', 'Versatile methodical productivity', '9:42', '13:24', '6/29/2020', 'TOURNAMENT', 33, 65);
insert into Event (name, description, startTime, endTime, eventDate, eventType, user_id, court_id) values ('VonRueden-Runte', 'Digitized multimedia alliance', '5:34', '20:58', '6/19/2020', 'TENNIS_USER', 9, 83);
insert into Event (name, description, startTime, endTime, eventDate, eventType, user_id, court_id) values ('Volkman-Rice', 'Horizontal multi-tasking secured line', '2:40', '18:12', '8/17/2020', 'LESSON', 44, 48);
insert into Event (name, description, startTime, endTime, eventDate, eventType, user_id, court_id) values ('Will Inc', 'Seamless mission-critical toolset', '3:13', '21:08', '9/16/2020', 'TOURNAMENT', 5, 61);
insert into Event (name, description, startTime, endTime, eventDate, eventType, user_id, court_id) values ('Gleichner-Nitzsche', 'Fully-configurable eco-centric instruction set', '8:24', '15:38', '2/2/2021', 'TENNIS_USER', 5, 40);
insert into Event (name, description, startTime, endTime, eventDate, eventType, user_id, court_id) values ('Kulas-Harris', 'Universal bi-directional success', '8:13', '23:01', '1/31/2021', 'LESSON', 14, 33);
insert into Event (name, description, startTime, endTime, eventDate, eventType, user_id, court_id) values ('Flatley LLC', 'Quality-focused 3rd generation flexibility', '0:14', '15:39', '8/2/2020', 'TOURNAMENT', 12, 49);
insert into Event (name, description, startTime, endTime, eventDate, eventType, user_id, court_id) values ('Wolff-Gaylord', 'Robust analyzing throughput', '4:00', '16:10', '9/19/2020', 'TENNIS_USER', 40, 74);
insert into Event (name, description, startTime, endTime, eventDate, eventType, user_id, court_id) values ('Prosacco and Sons', 'Business-focused mission-critical strategy', '5:04', '20:12', '6/18/2020', 'LESSON', 11, 41);
insert into Event (name, description, startTime, endTime, eventDate, eventType, user_id, court_id) values ('Cummerata, Durgan and Simonis', 'Multi-tiered multi-state paradigm', '5:01', '14:21', '5/18/2021', 'TOURNAMENT', 47, 3);
insert into Event (name, description, startTime, endTime, eventDate, eventType, user_id, court_id) values ('Barrows-Bauch', 'Face to face asynchronous conglomeration', '0:38', '17:16', '8/14/2020', 'TENNIS_USER', 28, 35);
insert into Event (name, description, startTime, endTime, eventDate, eventType, user_id, court_id) values ('Considine LLC', 'Up-sized 5th generation benchmark', '11:13', '23:42', '3/5/2021', 'LESSON', 15, 56);
insert into Event (name, description, startTime, endTime, eventDate, eventType, user_id, court_id) values ('Waelchi-Walter', 'Diverse zero tolerance Graphic Interface', '1:26', '13:22', '11/1/2020', 'TOURNAMENT', 50, 60);
insert into Event (name, description, startTime, endTime, eventDate, eventType, user_id, court_id) values ('Stanton Inc', 'Switchable multi-state artificial intelligence', '9:26', '22:47', '1/22/2021', 'TENNIS_USER', 12, 59);
insert into Event (name, description, startTime, endTime, eventDate, eventType, user_id, court_id) values ('Hilll-Zemlak', 'Down-sized local capacity', '8:58', '16:39', '7/17/2020', 'LESSON', 10, 46);
insert into Event (name, description, startTime, endTime, eventDate, eventType, user_id, court_id) values ('Kemmer and Sons', 'User-friendly background superstructure', '0:49', '20:34', '4/12/2021', 'TOURNAMENT', 46, 22);
insert into Event (name, description, startTime, endTime, eventDate, eventType, user_id, court_id) values ('Will, Herzog and Wisozk', 'Automated encompassing concept', '1:59', '18:48', '11/1/2020', 'TENNIS_USER', 19, 9);
insert into Event (name, description, startTime, endTime, eventDate, eventType, user_id, court_id) values ('Bradtke, Nader and Krajcik', 'Sharable holistic approach', '12:58', '15:25', '7/30/2020', 'LESSON', 5, 25);
insert into Event (name, description, startTime, endTime, eventDate, eventType, user_id, court_id) values ('Sawayn Group', 'Enhanced eco-centric knowledge base', '7:38', '19:04', '2/9/2021', 'TOURNAMENT', 39, 11);
insert into Event (name, description, startTime, endTime, eventDate, eventType, user_id, court_id) values ('Stanton and Sons', 'Business-focused composite circuit', '12:57', '20:28', '3/26/2021', 'TENNIS_USER', 5, 33);
insert into Event (name, description, startTime, endTime, eventDate, eventType, user_id, court_id) values ('Keebler, Davis and Hoeger', 'Devolved object-oriented contingency', '7:00', '13:17', '7/18/2020', 'LESSON', 27, 90);
insert into Event (name, description, startTime, endTime, eventDate, eventType, user_id, court_id) values ('Beer-Russel', 'Operative secondary secured line', '1:35', '21:26', '5/3/2021', 'TOURNAMENT', 24, 7);
insert into Event (name, description, startTime, endTime, eventDate, eventType, user_id, court_id) values ('Deckow-Brakus', 'Reactive demand-driven strategy', '10:21', '17:01', '3/16/2021', 'TENNIS_USER', 4, 11);
insert into Event (name, description, startTime, endTime, eventDate, eventType, user_id, court_id) values ('Toy, Kilback and Sanford', 'Stand-alone content-based website', '2:27', '23:19', '12/16/2020', 'LESSON', 48, 63);
insert into Event (name, description, startTime, endTime, eventDate, eventType, user_id, court_id) values ('Metz, Durgan and Herzog', 'Diverse discrete focus group', '2:48', '15:12', '8/25/2020', 'TOURNAMENT', 26, 25);
insert into Event (name, description, startTime, endTime, eventDate, eventType, user_id, court_id) values ('Oberbrunner-Stanton', 'Compatible interactive instruction set', '6:02', '22:06', '1/31/2021', 'TENNIS_USER', 5, 30);
insert into Event (name, description, startTime, endTime, eventDate, eventType, user_id, court_id) values ('Willms and Sons', 'Self-enabling content-based contingency', '2:43', '16:17', '11/22/2020', 'LESSON', 6, 27);
insert into Event (name, description, startTime, endTime, eventDate, eventType, user_id, court_id) values ('Reichert, Bode and Reynolds', 'User-friendly demand-driven database', '12:49', '15:55', '5/30/2020', 'TOURNAMENT', 2, 41);
insert into Event (name, description, startTime, endTime, eventDate, eventType, user_id, court_id) values ('Rogahn-Stoltenberg', 'Seamless web-enabled moratorium', '6:46', '20:21', '2/13/2021', 'TENNIS_USER', 3, 22);
insert into Event (name, description, startTime, endTime, eventDate, eventType, user_id, court_id) values ('Hilpert, Kessler and Gottlieb', 'Switchable national matrices', '2:26', '18:10', '10/29/2020', 'LESSON', 43, 50);
insert into Event (name, description, startTime, endTime, eventDate, eventType, user_id, court_id) values ('Schowalter-Gottlieb', 'Pre-emptive client-driven open architecture', '4:30', '20:47', '1/2/2021', 'TOURNAMENT', 50, 64);


insert into Participant (name, event_id) values ('Barry Hessing', 11);
insert into Participant (name, event_id) values ('Enoch Ruthen', 32);
insert into Participant (name, event_id) values ('Brian Riccetti', 20);
insert into Participant (name, event_id) values ('Conney Deek', 96);
insert into Participant (name, event_id) values ('Emmye Boag', 20);
insert into Participant (name, event_id) values ('Sosanna Alman', 36);
insert into Participant (name, event_id) values ('Caresa Gallagher', 57);
insert into Participant (name, event_id) values ('Rafaellle Sugars', 85);
insert into Participant (name, event_id) values ('Dore Conrart', 94);
insert into Participant (name, event_id) values ('Thorin Benettolo', 68);
insert into Participant (name, event_id) values ('Tedmund Wiffen', 41);
insert into Participant (name, event_id) values ('Patrizia Woodburne', 12);
insert into Participant (name, event_id) values ('Gino Allberry', 31);
insert into Participant (name, event_id) values ('Trista Poile', 70);
insert into Participant (name, event_id) values ('Domenico Bickerstaffe', 80);
insert into Participant (name, event_id) values ('Orran Gifford', 58);
insert into Participant (name, event_id) values ('Thacher Sharper', 26);
insert into Participant (name, event_id) values ('Vivien German', 76);
insert into Participant (name, event_id) values ('Sean Noquet', 47);
insert into Participant (name, event_id) values ('Davina Hugin', 73);
insert into Participant (name, event_id) values ('Farrah Avis', 12);
insert into Participant (name, event_id) values ('Morgan Foli', 79);
insert into Participant (name, event_id) values ('Nap Blackaller', 19);
insert into Participant (name, event_id) values ('Chastity Clell', 26);
insert into Participant (name, event_id) values ('Cissy Hekkert', 29);
insert into Participant (name, event_id) values ('Evelina Mulholland', 64);
insert into Participant (name, event_id) values ('Felice Graysmark', 1);
insert into Participant (name, event_id) values ('Maynard Allston', 76);
insert into Participant (name, event_id) values ('Valry Kerr', 54);
insert into Participant (name, event_id) values ('Jeramie Slorach', 72);
insert into Participant (name, event_id) values ('Cornie Cornforth', 37);
insert into Participant (name, event_id) values ('Petronille Gitsham', 53);
insert into Participant (name, event_id) values ('Giacopo Gazzard', 9);
insert into Participant (name, event_id) values ('Thomasina de Quesne', 66);
insert into Participant (name, event_id) values ('Dene Alsopp', 39);
insert into Participant (name, event_id) values ('Maren Backes', 36);
insert into Participant (name, event_id) values ('Krystal Forrester', 83);
insert into Participant (name, event_id) values ('Patricia Heinrich', 11);
insert into Participant (name, event_id) values ('Neysa Cunniam', 24);
insert into Participant (name, event_id) values ('Trixy Bubear', 9);
insert into Participant (name, event_id) values ('Nancie Fitzroy', 49);
insert into Participant (name, event_id) values ('Rose Tann', 5);
insert into Participant (name, event_id) values ('Yolande Pogue', 90);
insert into Participant (name, event_id) values ('Annemarie Welch', 64);
insert into Participant (name, event_id) values ('Obed Kofax', 35);
insert into Participant (name, event_id) values ('Valenka Douris', 2);
insert into Participant (name, event_id) values ('Sutherlan Gribbins', 7);
insert into Participant (name, event_id) values ('Vivia Thomsson', 78);
insert into Participant (name, event_id) values ('Rolland Hanham', 76);
insert into Participant (name, event_id) values ('Barb Lurcock', 98);
insert into Participant (name, event_id) values ('Michel Emeney', 4);
insert into Participant (name, event_id) values ('Ethelred Stoppard', 32);
insert into Participant (name, event_id) values ('Madella Verillo', 88);
insert into Participant (name, event_id) values ('Ronica Spink', 67);
insert into Participant (name, event_id) values ('Romonda Pinkett', 64);
insert into Participant (name, event_id) values ('Daffi Growcott', 98);
insert into Participant (name, event_id) values ('Free Wiburn', 24);
insert into Participant (name, event_id) values ('Deborah Goublier', 37);
insert into Participant (name, event_id) values ('Sergio Hendin', 81);
insert into Participant (name, event_id) values ('Dita Ilem', 37);
insert into Participant (name, event_id) values ('Shandy Perdue', 63);
insert into Participant (name, event_id) values ('Wilmer Hugueville', 23);
insert into Participant (name, event_id) values ('Mehetabel Pods', 34);
insert into Participant (name, event_id) values ('Henryetta Plumstead', 12);
insert into Participant (name, event_id) values ('Kittie Dunlap', 67);
insert into Participant (name, event_id) values ('Hatty Wackett', 48);
insert into Participant (name, event_id) values ('Joelynn Mix', 3);
insert into Participant (name, event_id) values ('Annalise Wyllis', 69);
insert into Participant (name, event_id) values ('Alys Harrowsmith', 66);
insert into Participant (name, event_id) values ('Arlie Akroyd', 83);
insert into Participant (name, event_id) values ('Maxy Blackshaw', 9);
insert into Participant (name, event_id) values ('Arlette Seeler', 45);
insert into Participant (name, event_id) values ('Piggy Quodling', 21);
insert into Participant (name, event_id) values ('Laney Burcombe', 97);
insert into Participant (name, event_id) values ('Clarisse Farguhar', 78);
insert into Participant (name, event_id) values ('Nerta Heddon', 40);
insert into Participant (name, event_id) values ('Fletch Segar', 43);
insert into Participant (name, event_id) values ('Gennie Siene', 89);
insert into Participant (name, event_id) values ('Ailyn Simmell', 15);
insert into Participant (name, event_id) values ('Lynelle Beaglehole', 77);
insert into Participant (name, event_id) values ('Micaela Hassen', 88);
insert into Participant (name, event_id) values ('Benni Greeves', 72);
insert into Participant (name, event_id) values ('Marijn Scatchar', 53);
insert into Participant (name, event_id) values ('Osbert Balsom', 92);
insert into Participant (name, event_id) values ('Jacqueline Egginson', 64);
insert into Participant (name, event_id) values ('Lucine McGuinley', 22);
insert into Participant (name, event_id) values ('Dorie Micklewright', 5);
insert into Participant (name, event_id) values ('Archibald Fairbrace', 98);
insert into Participant (name, event_id) values ('Kamila Ferie', 23);
insert into Participant (name, event_id) values ('Rodd Gronow', 11);
insert into Participant (name, event_id) values ('Blaire Lubomirski', 51);
insert into Participant (name, event_id) values ('Allin Goodie', 80);
insert into Participant (name, event_id) values ('Wilhelm Stable', 21);
insert into Participant (name, event_id) values ('Gallard Chezelle', 20);
insert into Participant (name, event_id) values ('Angelica Digger', 45);
insert into Participant (name, event_id) values ('Whittaker Pasby', 100);
insert into Participant (name, event_id) values ('Marlyn Butler', 66);
insert into Participant (name, event_id) values ('Anson Skirrow', 83);
insert into Participant (name, event_id) values ('Orazio Caspell', 24);
insert into Participant (name, event_id) values ('Olivie Aronson', 41);
insert into Participant (name, event_id) values ('Davis Bye', 96);
insert into Participant (name, event_id) values ('Mable Ruppertz', 83);
insert into Participant (name, event_id) values ('Artus Appleyard', 75);
insert into Participant (name, event_id) values ('Berti Houldin', 30);
insert into Participant (name, event_id) values ('Godard O''Tuohy', 1);
insert into Participant (name, event_id) values ('Rodd Sallan', 71);
insert into Participant (name, event_id) values ('Leona Whalebelly', 44);
insert into Participant (name, event_id) values ('Joyce Doidge', 14);
insert into Participant (name, event_id) values ('Gusti Luard', 24);
insert into Participant (name, event_id) values ('Alex Rendall', 68);
insert into Participant (name, event_id) values ('Carlin Jenking', 29);
insert into Participant (name, event_id) values ('Ardella Liebrecht', 2);
insert into Participant (name, event_id) values ('Minne MacMenemy', 8);
insert into Participant (name, event_id) values ('Fredric Kuhnt', 45);
insert into Participant (name, event_id) values ('Ann O''Shaughnessy', 26);
insert into Participant (name, event_id) values ('Melisande Edmed', 50);
insert into Participant (name, event_id) values ('Olly Dallicott', 32);
insert into Participant (name, event_id) values ('Tab Allan', 17);
insert into Participant (name, event_id) values ('Freddi Gawne', 88);
insert into Participant (name, event_id) values ('Adrienne Torra', 20);
insert into Participant (name, event_id) values ('Polly Orgel', 54);
insert into Participant (name, event_id) values ('Geoff O''Carney', 19);
insert into Participant (name, event_id) values ('Carley Thain', 34);
insert into Participant (name, event_id) values ('Maurice Clabburn', 62);
insert into Participant (name, event_id) values ('Joelly Mannering', 38);
insert into Participant (name, event_id) values ('Gustavus Hayler', 57);
insert into Participant (name, event_id) values ('Bryan Roach', 43);
insert into Participant (name, event_id) values ('Kirbee Stutard', 29);
insert into Participant (name, event_id) values ('Tailor Gyves', 31);
insert into Participant (name, event_id) values ('Sansone Engall', 69);
insert into Participant (name, event_id) values ('Lammond McCafferky', 33);
insert into Participant (name, event_id) values ('Helen Stango', 93);
insert into Participant (name, event_id) values ('Enrico Shearstone', 97);
insert into Participant (name, event_id) values ('Olag Burdon', 85);
insert into Participant (name, event_id) values ('Amata Storms', 96);
insert into Participant (name, event_id) values ('Davidde Yatman', 53);
insert into Participant (name, event_id) values ('Arlana Acaster', 13);
insert into Participant (name, event_id) values ('Christoper Forgan', 88);
insert into Participant (name, event_id) values ('Annaliese Scantleberry', 28);
insert into Participant (name, event_id) values ('Emelyne Mooreed', 49);
insert into Participant (name, event_id) values ('Ford Broomer', 98);
insert into Participant (name, event_id) values ('Car Heimes', 50);
insert into Participant (name, event_id) values ('Corty Rising', 45);
insert into Participant (name, event_id) values ('Tanner Lodeke', 24);
insert into Participant (name, event_id) values ('Chrissie Callacher', 53);
insert into Participant (name, event_id) values ('Loy Syvret', 12);
insert into Participant (name, event_id) values ('Zaria Rivallant', 30);
insert into Participant (name, event_id) values ('Emmye Gimeno', 20);
insert into Participant (name, event_id) values ('Kath Szymanowicz', 86);
insert into Participant (name, event_id) values ('Magdalen Franzettoini', 54);
insert into Participant (name, event_id) values ('Killie Willis', 95);
insert into Participant (name, event_id) values ('Gwyneth Bailey', 58);
insert into Participant (name, event_id) values ('Kennedy Tweddle', 82);
insert into Participant (name, event_id) values ('Venus Bicheno', 89);
insert into Participant (name, event_id) values ('Sylas Pearde', 22);
insert into Participant (name, event_id) values ('Darryl Canedo', 22);
insert into Participant (name, event_id) values ('Ilysa Liveley', 8);
insert into Participant (name, event_id) values ('Fremont Murthwaite', 19);
insert into Participant (name, event_id) values ('Sianna More', 1);
insert into Participant (name, event_id) values ('Claudianus Haensel', 26);
insert into Participant (name, event_id) values ('Wynnie Simyson', 94);
insert into Participant (name, event_id) values ('Gloriana Stampfer', 41);
insert into Participant (name, event_id) values ('Cherice Coniam', 1);
insert into Participant (name, event_id) values ('Janine Denton', 5);
insert into Participant (name, event_id) values ('Ceil Kirsz', 83);
insert into Participant (name, event_id) values ('Lexi Denham', 76);
insert into Participant (name, event_id) values ('Jone Simkovich', 85);
insert into Participant (name, event_id) values ('Curry Heaffey', 70);
insert into Participant (name, event_id) values ('Markos Woollcott', 8);
insert into Participant (name, event_id) values ('Willabella Scramage', 2);
insert into Participant (name, event_id) values ('Anna-diana Liven', 85);
insert into Participant (name, event_id) values ('Elli Rizzone', 49);
insert into Participant (name, event_id) values ('Devlin Scinelli', 65);
insert into Participant (name, event_id) values ('Farley Askell', 8);
insert into Participant (name, event_id) values ('Hewet Bayfield', 52);
insert into Participant (name, event_id) values ('Skip Antoniades', 99);
insert into Participant (name, event_id) values ('Britni Lodwig', 32);
insert into Participant (name, event_id) values ('Wernher Schutte', 10);
insert into Participant (name, event_id) values ('Chloe Shevell', 75);
insert into Participant (name, event_id) values ('Chris Rilton', 57);
insert into Participant (name, event_id) values ('Lissie Hepher', 66);
insert into Participant (name, event_id) values ('Clarice Girvin', 57);
insert into Participant (name, event_id) values ('Warren D''Ugo', 42);
insert into Participant (name, event_id) values ('Phyllys Justham', 55);
insert into Participant (name, event_id) values ('Sigismondo Driffill', 52);
insert into Participant (name, event_id) values ('Diana Naptine', 41);
insert into Participant (name, event_id) values ('Briggs Cristofvao', 3);
insert into Participant (name, event_id) values ('Anstice Summerside', 12);
insert into Participant (name, event_id) values ('Bethany Cuer', 45);
insert into Participant (name, event_id) values ('Aubine Huthart', 11);
insert into Participant (name, event_id) values ('Mercedes Bairstow', 76);
insert into Participant (name, event_id) values ('Katharine Gittis', 96);
insert into Participant (name, event_id) values ('Buck Curl', 12);
insert into Participant (name, event_id) values ('Freda Laviste', 78);
insert into Participant (name, event_id) values ('Kaleena Cox', 8);
insert into Participant (name, event_id) values ('Brandtr Breming', 50);
insert into Participant (name, event_id) values ('Tim Robilliard', 4);
insert into Participant (name, event_id) values ('Myer Nibley', 49);
insert into Participant (name, event_id) values ('King Costain', 41);
insert into Participant (name, event_id) values ('Regina Depper', 3);
insert into Participant (name, event_id) values ('Aggy Kleinmann', 10);
insert into Participant (name, event_id) values ('Peadar Hardwidge', 82);
insert into Participant (name, event_id) values ('Jemmy Bradberry', 59);
insert into Participant (name, event_id) values ('Mateo Avrashin', 81);
insert into Participant (name, event_id) values ('Lief Scruby', 43);
insert into Participant (name, event_id) values ('Florance Gaisford', 34);
insert into Participant (name, event_id) values ('Dane Reynish', 79);
insert into Participant (name, event_id) values ('Elissa Tanzer', 42);
insert into Participant (name, event_id) values ('Nickolas Brant', 93);
insert into Participant (name, event_id) values ('Dorisa Chiene', 67);
insert into Participant (name, event_id) values ('Hortensia Simnett', 59);
insert into Participant (name, event_id) values ('Darb Rigge', 55);
insert into Participant (name, event_id) values ('Jerome Castelletti', 94);
insert into Participant (name, event_id) values ('Gerhardt Lorenzin', 84);
insert into Participant (name, event_id) values ('Alli Sitch', 64);
insert into Participant (name, event_id) values ('Bobbee Plews', 34);
insert into Participant (name, event_id) values ('Mavra Kitter', 59);
insert into Participant (name, event_id) values ('Maudie Duigenan', 100);
insert into Participant (name, event_id) values ('Lydie O''Flaverty', 46);
insert into Participant (name, event_id) values ('Winslow Goter', 47);
insert into Participant (name, event_id) values ('Maribeth Hanratty', 68);
insert into Participant (name, event_id) values ('Marylin Hussey', 78);
insert into Participant (name, event_id) values ('Sven McCurtin', 62);
insert into Participant (name, event_id) values ('Vallie Baldacchi', 42);
insert into Participant (name, event_id) values ('Brena Ferraresi', 63);
insert into Participant (name, event_id) values ('Rourke Haxby', 84);
insert into Participant (name, event_id) values ('Tresa Marling', 93);
insert into Participant (name, event_id) values ('Omar Nijs', 72);
insert into Participant (name, event_id) values ('Judy Yeude', 77);
insert into Participant (name, event_id) values ('Conchita Antoniewicz', 23);
insert into Participant (name, event_id) values ('Mikaela Sancroft', 30);
insert into Participant (name, event_id) values ('Mackenzie Baterip', 35);
insert into Participant (name, event_id) values ('Cathi Coaker', 29);
insert into Participant (name, event_id) values ('Blaire Rings', 99);
insert into Participant (name, event_id) values ('Florry Forcer', 94);
insert into Participant (name, event_id) values ('Shayne Ferrone', 68);
insert into Participant (name, event_id) values ('Forster Signoret', 61);
insert into Participant (name, event_id) values ('Mildred Jennions', 37);
insert into Participant (name, event_id) values ('Caroline Kenwood', 5);
insert into Participant (name, event_id) values ('Mattie Dominy', 78);
insert into Participant (name, event_id) values ('West Clift', 69);
insert into Participant (name, event_id) values ('Cally Chamney', 27);
insert into Participant (name, event_id) values ('Kaila Albone', 72);
insert into Participant (name, event_id) values ('Herman Shillaber', 17);
insert into Participant (name, event_id) values ('Walsh Halifax', 35);
insert into Participant (name, event_id) values ('Ynes Pascho', 11);
insert into Participant (name, event_id) values ('Alano McCunn', 12);
insert into Participant (name, event_id) values ('Michaella Hazeman', 6);
insert into Participant (name, event_id) values ('Quintilla Goman', 51);
insert into Participant (name, event_id) values ('Laurie Cabane', 46);
insert into Participant (name, event_id) values ('Janelle Junifer', 34);
insert into Participant (name, event_id) values ('Hanny Brammall', 60);
insert into Participant (name, event_id) values ('Wallie Perrottet', 38);
insert into Participant (name, event_id) values ('Wildon Brognot', 69);
insert into Participant (name, event_id) values ('Quentin Ellery', 43);
insert into Participant (name, event_id) values ('Jeremy Hartford', 93);
insert into Participant (name, event_id) values ('Marys Bees', 34);
insert into Participant (name, event_id) values ('Lorrie Prudence', 42);
insert into Participant (name, event_id) values ('Shandra Brightman', 12);
insert into Participant (name, event_id) values ('Modesty Bendon', 92);
insert into Participant (name, event_id) values ('Odie Denecamp', 14);
insert into Participant (name, event_id) values ('Quinton Bottlestone', 45);
insert into Participant (name, event_id) values ('Marnia Burkinshaw', 25);
insert into Participant (name, event_id) values ('Rachele Voss', 100);
insert into Participant (name, event_id) values ('Norean Wasiel', 46);
insert into Participant (name, event_id) values ('Far Duell', 49);
insert into Participant (name, event_id) values ('Dicky Hiscoke', 77);
insert into Participant (name, event_id) values ('Blake Kewzick', 14);
insert into Participant (name, event_id) values ('Normand Axworthy', 10);
insert into Participant (name, event_id) values ('Tonya Dorrance', 29);
insert into Participant (name, event_id) values ('Cazzie Tapp', 8);
insert into Participant (name, event_id) values ('Mattheus Fendley', 19);
insert into Participant (name, event_id) values ('Derk Mattholie', 32);
insert into Participant (name, event_id) values ('Jule Brokenbrow', 4);
insert into Participant (name, event_id) values ('Jody Toma', 78);
insert into Participant (name, event_id) values ('Benjamen Robjohns', 56);
insert into Participant (name, event_id) values ('Dani Imort', 55);
insert into Participant (name, event_id) values ('Roxana Chaimson', 80);
insert into Participant (name, event_id) values ('Reeta Sloat', 78);
insert into Participant (name, event_id) values ('Fax Heliot', 89);
insert into Participant (name, event_id) values ('Daniela Gayton', 66);
insert into Participant (name, event_id) values ('Godiva Ashelford', 82);
insert into Participant (name, event_id) values ('Doria Corke', 59);
insert into Participant (name, event_id) values ('Eberto Kopacek', 1);
insert into Participant (name, event_id) values ('Lukas Ovell', 45);
insert into Participant (name, event_id) values ('Karita Portlock', 90);
insert into Participant (name, event_id) values ('Margaretta Vittel', 94);
insert into Participant (name, event_id) values ('Malissa Trenchard', 13);
insert into Participant (name, event_id) values ('Corrie Cottie', 58);
insert into Participant (name, event_id) values ('Cloe Pearman', 8);
insert into Participant (name, event_id) values ('Spense Balsellie', 78);
insert into Participant (name, event_id) values ('Brand Gulley', 64);
insert into Participant (name, event_id) values ('Hetti Peeter', 74);
insert into Participant (name, event_id) values ('Enrica Covely', 37);
insert into Participant (name, event_id) values ('Osbourne Willingham', 21);
insert into Participant (name, event_id) values ('Dotty MacKowle', 1);
insert into Participant (name, event_id) values ('Grazia Quest', 39);
insert into Participant (name, event_id) values ('Louie Cuttles', 72);
insert into Participant (name, event_id) values ('Mart Preddle', 20);
insert into Participant (name, event_id) values ('Gherardo Thomton', 62);
